A_id ,Size,Weight,Sweetness,Crunchiness,Juiciness,Ripeness,Acidity,Quality
820,-3.38231,0.00789469,-0.473654,3.60837,6.09878,-2.4363,-3.56636,bad
976,2.88636,-2.89257,-5.95832,-1.05118,5.91558,2.00715,2.70055,bad
532,-2.70003,-2.38607,-2.3021,-2.07862,5.87075,3.24584,1.81846,bad
419,0.734479,-4.94376,-0.926083,0.108163,5.19825,-1.52129,1.44503,bad
33,-0.588796,-1.12199,2.3243,0.311931,5.14874,-3.35199,5.56011,bad
934,2.91323,-4.51322,-1.73533,-0.774266,5.08439,0.320791,1.97561,bad
39,1.28674,-2.42952,0.956133,1.47754,4.78638,-3.38236,2.51935,bad
185,-0.307073,-1.5507,-4.76535,-1.64889,4.75376,2.60304,2.59769,bad
130,-3.42366,-1.83501,0.794899,-0.557657,4.60623,0.177583,3.76601,bad
71,2.3544,-2.66027,2.61542,-3.29121,4.60445,-1.24012,3.68958,bad
207,4.49097,-0.329475,-1.27403,3.15929,4.45074,-2.13557,0.268904,bad
651,0.437878,-2.10242,-1.10101,3.36698,4.42827,-2.94114,3.27602,bad
360,-2.43867,-3.50468,-2.40975,-1.34468,4.4073,3.3866,2.1658,bad
570,3.96372,0.443685,-1.32955,-1.40778,4.33753,0.649487,4.85771,bad
112,1.05151,-4.31198,-1.39905,-2.79121,4.26875,0.501452,1.61099,bad
145,-3.57002,-1.55767,0.397888,0.287215,4.26496,1.04641,4.21396,bad
841,-3.66308,-0.178635,1.71919,-0.0482211,4.26246,0.781107,-1.87787,bad
983,4.13638,-2.05847,-0.124516,-2.00165,4.2483,0.850352,4.39366,bad
251,5.18962,-0.380352,0.674041,2.7119,4.22695,-2.08801,3.6775,bad
746,-5.24077,-4.11189,1.29911,0.157965,4.17713,3.0691,5.13614,bad
347,-1.10769,0.419847,-0.78438,0.489854,4.14007,2.33364,-1.8152,bad
701,0.2714,-0.434397,-2.92527,0.0373238,4.09231,0.454084,1.26421,bad
20,-2.33459,-2.94371,-3.45263,0.762392,4.07646,6.34645,0.726776,bad
738,3.41494,-0.603423,0.665699,-1.7886,4.02249,-0.299827,3.86889,bad
721,-2.98463,-1.46984,-0.0154278,0.0893716,4.00921,1.12592,2.92643,bad
231,-2.61993,-2.22221,3.21016,3.19823,4.00514,-0.869893,-0.630161,bad
220,0.305715,-0.481595,-0.114757,2.18198,3.87957,-3.67556,1.76245,bad
322,2.64612,-0.449973,-4.57395,-0.0452379,3.84905,1.13932,-0.488345,bad
354,0.697414,-2.10282,-0.104777,-2.75951,3.83542,-0.531325,1.52504,bad
272,-3.17926,-0.884673,0.775792,-0.109996,3.81563,0.421346,2.15791,bad
556,2.73874,-2.96478,-0.880812,0.306241,3.80226,-0.511324,2.57158,bad
146,1.34856,-2.62931,0.688815,4.57968,3.79394,0.178614,-0.4145,bad
233,1.2983,-0.333266,-1.85306,-0.0554025,3.74834,-1.12686,-0.486259,bad
484,-5.17914,3.2853,-0.510329,1.48167,3.73172,-2.84402,-2.31243,bad
643,0.0361091,-0.603547,1.0288,2.84648,3.72899,-4.39901,2.68701,bad
904,1.39097,-3.2806,-0.874736,1.528,3.70972,-1.4997,2.56424,bad
116,-1.05173,-3.06791,-2.90486,-0.622345,3.70509,3.24198,0.639426,bad
581,2.83288,-1.94582,-5.40696,-1.20472,3.67576,1.00249,0.00309245,bad
58,-0.479883,-0.0791954,-0.843547,3.04957,3.66384,-0.365699,-1.47354,bad
459,-0.569351,-1.66974,-2.31509,0.574799,3.65355,1.77891,1.99964,bad
147,-1.52895,-2.20577,2.31555,1.34557,3.64453,-0.297463,-2.38693,bad
3,-0.657196,-2.27163,1.32487,-0.0978747,3.63797,-3.41376,0.790723,bad
96,-0.618112,-2.1317,-1.58003,-0.195316,3.62568,3.25931,-1.63364,bad
622,0.642459,-2.45157,-2.65379,-0.36493,3.61542,1.8983,1.32712,bad
612,2.44757,-3.26086,0.155289,-0.791886,3.61257,-0.191536,3.59167,bad
305,-1.77224,0.446927,-1.53381,2.00301,3.60365,-0.452173,-3.64647,bad
526,1.34506,-6.55668,0.299351,1.97796,3.57806,-2.11417,1.87194,bad
54,3.01034,-3.42303,-3.11098,-1.54304,3.56761,1.69623,0.44584,bad
390,-0.153111,-2.48973,-2.19477,-0.590089,3.56061,1.82883,0.205757,bad
674,1.59291,0.863294,-0.985141,3.20319,3.54814,-2.89769,2.59999,bad
114,-1.7122,-2.52966,-2.06691,0.443359,3.54651,1.02173,5.17017,bad
836,-1.03969,-0.962084,1.12901,2.28239,3.53497,-0.250887,-0.484022,bad
442,-1.76899,-0.338157,0.815395,-0.43569,3.50683,-0.749377,-4.42167,bad
932,-2.61403,-3.35735,-3.30869,-0.909421,3.49454,4.97588,2.05823,bad
871,-1.77705,-1.07246,1.20818,0.556007,3.46658,-2.48092,5.20639,bad
596,-0.819416,-1.49111,2.47728,-0.320206,3.45936,-3.42855,4.17355,bad
974,-0.569629,-2.39195,-1.13963,2.66177,3.45259,-2.79159,2.0978,bad
223,-0.511164,-1.64756,2.07018,-3.12734,3.44714,-2.43572,1.18245,bad
785,-4.14544,0.777986,1.48735,2.06571,3.40316,-2.63263,-1.26306,bad
310,1.64892,1.89223,1.23609,0.766091,3.40239,-2.48663,6.00885,bad
670,-3.19906,-0.632079,0.305981,0.630722,3.37271,1.19121,3.06709,bad
615,2.27523,-1.19707,-3.30074,-1.98981,3.36932,1.93164,2.19125,bad
382,-1.39027,-1.57791,0.55946,2.62082,3.36012,0.0441431,-2.58666,bad
595,2.61604,-1.58617,-4.36829,-1.08553,3.35865,0.595666,0.895274,bad
786,3.31363,0.0217693,-0.294636,-4.08756,3.34849,1.58465,4.62316,bad
206,-4.32795,-0.870679,-0.254844,0.357469,3.3276,2.48368,1.79599,bad
379,-1.66267,-2.98272,-1.8606,-0.495122,3.3182,1.94313,2.56483,bad
492,0.99058,-4.01981,1.43771,4.0688,3.31419,1.13055,0.753302,bad
810,-1.15885,-3.02617,-1.55385,0.702149,3.31021,2.62177,2.84061,bad
975,-0.97765,-0.305416,-1.86219,0.183797,3.30155,0.728022,2.74474,bad
801,-0.620788,-2.23009,-4.08317,-0.326027,3.29977,3.85424,0.448604,bad
551,0.854073,-2.95264,0.426191,0.402773,3.29677,-1.7509,2.79084,bad
244,-2.75716,0.781497,3.33026,0.231806,3.29324,-4.66124,7.40474,bad
898,-2.43418,-2.39527,-0.366694,0.689193,3.2858,3.97051,-0.681571,bad
31,-2.56087,-0.0964117,2.41377,1.31829,3.27169,-1.79718,-2.63684,bad
306,-2.25444,-0.181272,-0.374981,-0.641099,3.26885,-1.13736,3.73976,bad
447,-2.1516,-1.99576,0.810727,2.09093,3.26611,-0.2069,-1.96606,bad
574,0.389662,-4.38692,3.86995,1.6366,3.26205,1.09509,-1.02208,bad
816,-0.273282,-3.07052,0.748095,0.981394,3.25454,-3.18077,1.78032,bad
328,3.0389,-2.66584,-1.49083,2.80674,3.20018,-1.19429,1.68651,bad
127,-3.71553,0.00264157,1.68365,0.0940395,3.19244,-1.0138,4.43609,bad
862,-1.07391,-3.04892,-0.907397,0.684223,3.16933,2.61061,2.68327,bad
153,-3.80769,0.218192,1.47691,-0.0156621,3.14111,0.216348,3.13373,bad
927,-0.844439,-2.54502,2.78287,1.43966,3.14089,0.441874,-2.1899,bad
97,1.80337,-0.976044,-1.54692,0.926305,3.13968,-0.683223,3.40146,bad
398,0.780136,-1.56217,0.867887,3.27917,3.13677,0.853514,-0.117891,bad
60,-3.46416,1.35211,0.458026,0.892747,3.12982,-1.74467,-2.20461,bad
968,1.90838,-2.77633,-0.202382,-0.803458,3.12093,-0.827357,1.30054,bad
6,1.33161,1.63596,0.875974,-1.6778,3.10634,-1.84742,2.41417,bad
213,-0.592137,-0.0623115,-0.523055,2.13744,3.0758,-0.347275,-3.04568,bad
67,-1.56976,1.05986,1.51888,1.6661,3.06893,-1.48035,2.76946,bad
867,0.470477,-2.128,-0.509164,-2.32409,3.05829,-0.488458,0.517261,bad
634,5.86623,0.821114,-0.592951,0.768464,3.0501,0.684049,6.70139,bad
32,1.68166,-2.98167,-0.0798051,-0.947866,3.03481,-0.708611,1.16697,bad
4,1.36422,-1.29661,-0.384658,-0.553006,3.03087,-1.30385,0.501984,bad
406,1.10897,0.0346566,1.01351,-0.134654,3.02465,-2.09618,3.41155,bad
436,1.3806,0.725325,-0.457332,1.64111,3.02388,-2.30273,3.55767,bad
313,-1.6281,1.29694,-0.107773,0.86994,3.0191,0.4563,0.594901,bad
135,1.48229,-0.107158,-0.74669,-0.561767,2.99668,-0.907478,2.2884,bad
450,-3.11418,-1.88242,2.27991,1.91004,2.99088,0.513323,2.05001,bad
22,-2.42395,-0.698501,0.14603,0.630106,2.99056,0.779473,3.18419,bad
883,0.31658,-1.41934,-2.79366,-0.561515,2.98742,2.0302,-1.25613,bad
736,1.18705,-2.19845,-0.345532,2.26727,2.98594,-2.42005,2.00999,bad
626,-3.22695,-3.25683,1.75189,1.17637,2.98204,0.605469,3.31139,bad
228,-1.78415,-1.10158,0.703586,4.19064,2.96054,0.0143684,1.13433,bad
486,-1.71587,-1.35811,-0.69259,0.961653,2.9591,2.92362,-0.438269,bad
980,-0.406507,-0.437559,-3.78186,-0.576977,2.94205,2.84226,-0.272164,bad
393,-4.56132,2.12636,-3.32521,-1.06222,2.92819,4.12613,-0.609772,bad
733,-0.500416,-1.89836,3.12668,2.56304,2.91993,-0.984561,-2.31812,bad
458,-2.68021,1.28107,-0.16035,1.4962,2.90689,-1.64591,-2.33438,bad
344,0.576112,-1.69859,1.23496,0.411287,2.90158,-2.71517,2.19186,bad
865,1.85097,-2.90557,-0.681102,-1.22991,2.89159,-0.113403,1.28504,bad
766,-2.60364,-1.03222,0.945973,1.52236,2.8915,-0.723237,-1.06591,bad
790,-0.645858,-2.56435,-1.61588,0.326545,2.88408,1.86976,4.32531,bad
350,-2.60033,-1.2905,2.44842,1.43726,2.87286,-0.85453,-1.10222,bad
529,-0.217649,-0.525628,-2.72825,0.725687,2.87015,3.07138,-0.467196,bad
16,-1.46895,-1.95036,-2.21437,0.909759,2.86445,3.96596,-0.558209,bad
627,2.17439,-2.65098,-1.41046,2.19446,2.86442,-1.27279,1.7255,bad
368,-3.4202,1.1459,0.445299,-0.0192824,2.83929,-0.560978,-3.20185,bad
2,-0.292024,-1.35128,-1.73843,-0.342616,2.83864,-0.0380333,2.62164,bad
249,-2.03878,-1.09725,0.533117,2.4834,2.8323,0.33369,-0.430799,bad
496,-3.28554,-1.76302,3.4293,1.06904,2.83156,-1.19436,-1.91946,bad
59,0.833098,0.449714,-1.63855,-0.631338,2.83091,-0.66886,1.04943,bad
149,0.375263,-1.44587,-1.18105,2.60146,2.82729,1.73276,1.60009,bad
858,-0.928645,-1.09673,-2.57014,-0.956996,2.81941,0.338451,4.30691,bad
769,1.97544,1.47917,-1.28164,0.0946451,2.81132,-2.69332,-0.471432,bad
375,2.13087,-1.05005,-0.18256,0.948857,2.78389,-1.19808,3.65481,bad
851,1.8064,-2.3554,-0.206113,-1.21037,2.76568,-0.392659,3.10492,bad
202,1.10365,-3.01614,2.01913,1.74641,2.76166,-3.30201,2.87456,bad
767,-0.129844,0.404795,-0.501592,-0.459808,2.75689,-2.08268,0.243968,bad
981,-0.340399,-2.91642,3.00238,1.33568,2.75484,0.781658,-1.08015,bad
487,-4.57473,0.195993,3.77037,1.46465,2.75028,-2.54025,-1.80076,bad
807,0.491488,0.0995246,0.30577,-2.60108,2.73134,-0.599311,3.45196,bad
191,2.92443,-0.928251,-4.66314,-0.547999,2.73019,1.89816,-0.237264,bad
637,0.45902,-0.996355,-3.96691,0.0904836,2.73007,2.62204,0.242942,bad
82,2.35505,-0.805007,-4.04687,-0.621274,2.72102,1.40361,-1.73512,bad
679,-0.711035,-3.37767,1.82596,2.68329,2.70648,1.07692,0.536212,bad
497,-2.86305,-0.858382,1.94344,-0.34098,2.70186,-0.0457183,-3.12196,bad
319,-2.22878,-1.03419,0.921878,-0.1611,2.69418,-0.803584,2.31658,bad
277,-2.59262,-0.264751,0.600962,-0.35274,2.68377,-0.698221,2.47674,bad
830,-3.11637,-1.32467,1.35135,1.69124,2.67528,-0.471182,-1.99083,bad
550,-2.30506,-2.6267,3.22105,1.52101,2.62947,0.215938,-0.219795,bad
730,-0.374739,-1.8698,-1.94353,-2.12892,2.62506,-0.34025,-1.03821,bad
650,-2.39733,-2.34644,2.58123,2.50446,2.60546,0.0602253,-0.176108,bad
320,-0.68668,-3.02088,-0.399128,2.9024,2.59457,-3.42291,0.46833,bad
697,-1.10493,-0.0433454,0.85684,-0.0799049,2.59354,-0.586165,-3.78682,bad
142,1.25949,-0.557898,-2.57877,-0.48897,2.58122,-0.232605,0.489467,bad
72,0.562851,-1.82799,-4.62224,-0.325735,2.5788,2.48154,1.15277,bad
779,-2.98074,0.101516,3.01163,-0.369518,2.57025,-0.855632,-1.77089,bad
987,1.1393,-0.180909,-3.11008,0.347347,2.5648,0.354354,0.124899,bad
630,-0.807362,-1.07517,1.68141,1.12294,2.56461,-1.53537,2.94328,bad
179,0.443372,-2.63792,0.319253,2.62246,2.5512,1.18844,-1.01324,bad
844,-3.40013,-0.98538,0.0182611,0.934481,2.54918,2.95947,1.56506,bad
469,-3.1578,-1.79054,1.53286,0.145359,2.53752,0.804341,1.69246,bad
294,0.497028,-4.50101,-0.720715,3.17712,2.53615,-2.0321,3.35016,bad
608,-0.606659,-4.24913,-1.36087,1.12834,2.50868,-1.6839,-0.378882,bad
848,-1.09717,1.37553,-0.684202,1.99082,2.5086,-3.88532,0.894077,bad
978,-1.74512,-2.07404,-0.43017,1.38674,2.48231,1.44109,2.97738,bad
345,0.585776,-2.26153,-0.154649,1.06485,2.47817,-1.88978,2.58643,bad
361,3.63217,-1.28428,-2.14163,0.495086,2.47755,0.499046,1.83736,bad
198,-1.77697,-1.87703,-0.698024,-0.246476,2.47594,0.0818841,5.01131,bad
362,-1.64308,-0.471081,0.222911,1.87763,2.46955,-0.0214941,-2.39827,bad
466,-1.00393,-2.90921,-0.503052,1.64989,2.44825,-2.5261,1.41418,bad
704,-3.2101,2.24871,-0.990903,0.460363,2.44502,-1.53985,-2.7604,bad
343,1.66674,-1.52838,-2.04521,0.890558,2.44405,-0.30437,2.06573,bad
404,-3.89436,-0.928452,-0.354897,0.804823,2.42617,3.11941,0.872471,bad
188,-2.65336,-1.6163,2.62595,0.195551,2.42362,-0.194979,-3.94078,bad
370,1.46942,-1.34106,1.45082,1.74887,2.42288,-3.06593,2.15788,bad
882,1.66587,-1.35198,-2.50719,-1.42487,2.41769,-1.02801,2.04956,bad
947,1.91586,-0.98894,-1.04935,1.00481,2.38498,-0.827304,2.40789,bad
10,-2.69934,-1.32951,-1.41851,-0.625546,2.37107,3.40316,-2.81081,bad
737,-1.81588,-0.0400456,0.234228,1.08955,2.36784,0.979998,0.383759,bad
714,-3.68483,0.591154,2.15856,1.38333,2.35852,-1.2565,-0.464273,bad
232,-0.0492135,0.00622397,-0.56433,1.53907,2.35155,-2.51134,1.41309,bad
159,0.00833931,-0.258309,-0.589022,2.21656,2.34741,-0.439728,-4.79764,bad
784,-1.54,-0.316826,1.1222,1.85215,2.34396,-0.0328542,0.351966,bad
353,-0.847851,-1.18203,0.271405,0.582183,2.34385,-0.522942,2.14508,bad
115,0.104978,-1.60094,-0.787058,2.34569,2.32331,0.530314,1.78969,bad
759,2.36599,-0.408459,-1.88935,0.317036,2.32117,0.201606,2.96669,bad
949,0.617402,-2.57457,-0.564992,2.73869,2.3206,-1.70667,4.68795,bad
118,-3.01013,1.54827,-0.568293,0.209247,2.31704,-1.24223,-2.72746,bad
432,-2.0736,-0.617207,-0.283296,0.260547,2.31044,0.614735,-0.51885,bad
8,-3.86763,-3.73451,0.986429,-1.20765,2.29287,4.08092,-4.8719,bad
26,-0.300698,-0.513603,0.921006,1.37817,2.27475,0.745336,-2.93403,bad
533,0.40669,-1.22621,0.236156,3.32035,2.26676,0.489536,-0.433008,bad
689,-0.112702,-0.769262,-0.864719,-1.11711,2.26093,-0.998894,-0.125014,bad
315,3.09634,-3.11185,-4.33757,2.32521,2.25837,1.14229,0.0133573,bad
831,0.427912,1.77368,1.23628,-1.62797,2.25002,-1.97351,2.12097,bad
383,1.0047,-4.52136,-0.506153,1.47799,2.24658,-1.52342,-0.69351,bad
126,-2.24548,-0.0477014,0.250696,0.771605,2.243,-0.687587,3.37886,bad
577,0.468012,0.155356,-2.3468,-0.217853,2.23984,0.0651103,-0.712191,bad
982,-2.62364,0.299932,1.77698,-0.854282,2.2385,0.70452,-0.515158,bad
922,0.0871744,-1.13895,-1.14577,2.80637,2.23187,0.459554,-2.63998,bad
106,-0.725181,-1.44713,1.84099,3.08618,2.22922,0.555091,3.04076,bad
557,-1.37678,1.088,0.826209,-0.221216,2.21991,-0.764982,-2.79346,bad
764,-2.81461,-0.944456,0.31911,0.683216,2.2195,1.04294,-1.15564,bad
201,-4.38986,0.185576,2.3275,0.949381,2.20785,0.288005,3.76163,bad
311,-2.99452,-0.240735,1.27384,-0.143859,2.20735,0.181571,-1.07245,bad
803,-1.07185,-1.4968,-0.303023,1.42508,2.18308,1.5328,1.43382,bad
15,-2.65989,-2.79568,4.2304,0.69755,2.18091,-0.0887754,-1.08362,bad
771,0.955829,-1.16774,-0.0613598,0.967625,2.17494,-1.81107,1.56207,bad
75,2.16059,-1.60813,-3.14954,1.35426,2.16931,0.561455,1.46604,bad
150,1.18755,-3.48874,-0.0249815,1.05635,2.16724,-1.40785,1.19113,bad
887,-3.48222,-4.39369,0.76127,1.1298,2.16642,2.99923,4.02218,bad
683,0.860698,-3.1358,0.690176,2.61448,2.15962,-2.84991,1.41004,bad
515,2.67869,-2.59594,-1.56222,2.31319,2.15938,-0.663799,1.00446,bad
103,-1.96733,0.776151,0.271438,0.695994,2.15787,-0.07003,-1.52126,bad
765,0.824071,-2.257,0.191331,3.01013,2.14433,1.42529,-0.905346,bad
564,-0.514291,-0.986577,2.17876,2.85563,2.13771,0.153366,0.553624,bad
336,-3.0776,-3.0694,5.09438,2.11299,2.13364,-1.19338,-1.95654,bad
923,-3.26554,-1.02756,-2.20022,-2.16181,2.12344,3.67267,-4.38211,bad
962,-1.71989,-1.66445,0.446356,1.55768,2.1201,0.657711,-0.977912,bad
400,-1.45504,-0.0944367,-1.81041,0.631184,2.11662,-2.28272,-1.59035,bad
997,2.78945,-0.350118,-4.0322,-0.0759771,2.11307,0.115447,-1.45422,bad
461,-0.107115,1.36018,-0.262723,1.43087,2.11251,-2.75004,1.95456,bad
854,1.47686,-2.30849,-0.472106,-1.67414,2.10787,0.396479,2.71436,bad
462,-3.82033,0.73789,1.40228,-1.02673,2.10124,-0.333244,-1.2924,bad
582,2.32352,-0.6607,-2.10955,1.99911,2.10091,0.554683,-0.765057,bad
740,-2.16194,-0.0144733,0.0424073,1.72467,2.0927,-0.768827,-3.13321,bad
91,-0.629541,-1.16111,-0.3301,0.93047,2.08749,0.36955,-4.56091,bad
664,2.03299,-0.480179,-4.77227,0.756714,2.08501,3.06858,-0.796702,bad
988,0.41794,-2.95969,0.971279,3.98754,2.07612,1.51289,0.248261,bad
500,1.66867,2.70402,0.35248,0.10585,2.07464,-1.68556,3.59902,bad
611,-1.64324,-0.285796,0.493821,0.658178,2.05895,1.28978,0.167155,bad
411,-1.31761,-1.80564,2.86251,-0.45813,2.05875,2.3089,-0.287477,bad
323,-3.2858,1.18425,-2.01593,0.570632,2.0566,3.35963,0.931078,bad
365,-4.76731,-0.245718,-1.88997,-0.116624,2.04242,1.97579,-3.72522,bad
926,-3.04106,-2.04346,-1.29891,0.856509,2.04018,4.47408,0.138002,bad
386,-1.57772,-0.951959,-0.268934,-0.226795,2.03165,-0.612471,2.14897,bad
971,0.60509,-1.54507,-3.28613,0.606339,2.01806,0.72215,2.51854,bad
100,-1.58138,-0.759501,0.13536,1.88182,1.99805,0.729362,0.286883,bad
262,3.14483,-0.618456,-1.88886,-2.31844,1.98841,2.17124,3.44184,bad
842,2.87855,-2.07084,-1.83537,2.76143,1.98713,-0.604237,2.15057,bad
316,-0.425372,1.23885,-1.33519,1.94014,1.96648,0.104978,-1.92267,bad
276,-6.12967,4.73823,0.253477,-1.39323,1.96485,-3.41088,-5.01526,bad
443,0.217791,0.380548,-0.449453,2.31827,1.96064,0.0838003,0.0321014,bad
374,-2.4934,-1.81688,2.04809,1.24033,1.95897,0.473075,-0.600034,bad
727,-0.0955124,-3.14272,-3.77059,0.349589,1.95421,3.92779,0.730583,bad
753,1.40222,-4.93731,2.70603,2.23814,1.93797,2.65133,0.988541,bad
838,1.48718,-1.82207,0.814733,0.802819,1.93355,-1.84188,2.44817,bad
175,-3.00549,-0.487317,2.24018,-0.952809,1.9301,-0.252654,-2.33715,bad
686,-4.02048,-1.47438,1.25598,0.310141,1.92985,0.735166,2.38394,bad
818,-2.83512,-0.303739,0.143171,0.701498,1.92898,0.23592,-3.27408,bad
128,-2.45461,-0.38647,-1.07348,0.914052,1.9254,2.438,0.338914,bad
573,3.50474,-5.47868,-1.54867,-0.720534,1.90838,1.91057,2.44501,bad
787,2.06548,-2.40222,-3.10141,3.617,1.90064,-0.941696,-0.3733,bad
845,-1.55344,0.657055,-2.95694,-0.160108,1.89114,2.78458,-0.751641,bad
200,-1.19355,-1.48455,-1.6828,-0.255826,1.8883,1.36956,1.6402,bad
327,3.98496,-1.63419,-1.98925,0.348186,1.88665,1.28518,2.76716,bad
783,0.515238,-1.13634,-5.18455,1.02167,1.88469,3.62604,-0.175329,bad
478,2.55618,-0.231463,-1.60032,-0.756676,1.8699,0.30483,0.450071,bad
480,1.7659,-1.66463,-0.562927,2.4926,1.86601,1.50028,-1.13294,bad
47,-1.38799,2.73851,-2.34922,0.953438,1.86072,2.31731,3.09782,bad
723,1.58115,-0.652555,0.136984,1.0729,1.85611,0.923461,-2.34375,bad
0,-3.97005,-2.51234,5.34633,-1.01201,1.8449,0.32984,-0.49159,bad
107,1.30706,-2.35536,-1.4708,-1.04347,1.8359,0.113931,-0.055334,bad
158,0.471149,-1.87918,-3.94511,0.457822,1.82704,2.92651,0.151745,bad
649,-2.68044,-1.60286,3.76763,2.12608,1.82448,-0.495851,1.13217,bad
413,-0.816836,-1.66846,-1.3541,0.472745,1.82281,1.50865,-3.09318,bad
772,-1.88117,-1.6676,-0.782308,1.45496,1.81973,1.44828,2.2057,bad
735,-1.25208,0.379559,0.630378,0.895984,1.81518,0.584136,-0.773423,bad
986,-0.932294,-0.99809,-2.15009,0.0477939,1.81195,1.61435,1.35316,bad
214,-1.12376,-1.66263,3.38816,2.15128,1.79955,-1.99514,-1.48435,bad
716,3.34419,-2.22715,-0.426077,0.379437,1.79379,0.154166,2.6661,bad
940,-2.7687,2.34962,-3.01633,1.13601,1.78868,1.47419,0.569353,bad
691,-3.60832,-1.34102,-0.840675,0.537684,1.78558,3.35779,1.46076,bad
210,-0.66382,-0.801457,0.024577,3.52623,1.78174,1.01006,0.938911,bad
403,-1.12236,-0.755385,-0.93857,0.462278,1.77909,0.853568,1.29118,bad
571,0.240036,0.741437,-3.07147,-0.0118518,1.77657,0.192085,-0.930152,bad
193,-2.1331,-0.739688,-0.748787,0.474688,1.77186,1.25716,0.260289,bad
217,1.56667,0.868559,-0.0442735,-0.716643,1.76854,-0.872781,2.68472,bad
258,-1.61607,-0.196202,-2.14554,0.0242365,1.76786,-1.73878,-0.985096,bad
36,-3.06117,0.837104,-1.07664,1.52474,1.76414,-0.0564727,-1.49511,bad
835,-0.245488,-2.93322,1.12229,1.51615,1.76362,1.95746,-1.67528,bad
292,-1.30518,-1.10709,2.47014,2.11896,1.76289,-0.0222969,0.807896,bad
597,-2.41329,-0.974107,-0.331471,-1.48304,1.74125,-1.86538,0.120173,bad
235,-4.98847,-0.190696,3.45144,-0.759693,1.72614,-0.0859106,-1.85469,bad
259,-1.2204,0.727753,0.500212,0.941043,1.72032,-1.42265,0.866285,bad
748,-0.419496,-1.97183,0.915398,0.618481,1.71754,1.44581,-3.03278,bad
619,-2.29928,-0.200616,0.0236734,0.676884,1.71449,0.191462,2.66342,bad
307,-2.66349,-2.79174,-1.96816,0.220644,1.70602,3.88901,2.72028,bad
992,0.548494,0.488979,-1.99585,2.4679,1.70492,1.27859,-0.627643,bad
695,-2.99347,-1.35216,-1.1143,0.879549,1.69597,1.37221,3.76485,bad
65,-3.5679,1.04374,2.5634,0.437277,1.67852,-5.31384,2.07198,bad
966,1.20179,-0.362702,-3.07123,0.309297,1.67693,0.377244,0.25498,bad
55,2.0328,-0.641021,-2.40969,2.93613,1.67548,-0.904589,2.28735,bad
81,-2.45137,-2.46045,3.31056,1.10007,1.66726,-0.0105798,-0.90836,bad
682,-0.449584,-0.39343,0.021157,-0.385498,1.66277,-1.28217,0.354489,bad
189,-2.68493,-1.37455,1.01425,-0.0838195,1.66164,2.81412,-0.765,bad
522,1.83101,0.843341,-2.52746,-1.54269,1.66084,1.47109,2.90534,bad
998,-1.32677,-0.502953,0.145567,0.872708,1.65547,0.756396,-0.777126,bad
559,2.1187,-0.44105,-0.884647,1.04684,1.65462,1.78318,-1.91667,bad
558,-1.30769,-1.27099,-1.0862,0.553726,1.64805,1.84048,-2.14192,bad
625,-0.316047,-2.26565,2.21101,1.37927,1.64779,0.851511,-1.4609,bad
669,1.43295,-0.401071,-0.750507,1.62151,1.64224,-1.87988,2.57658,bad
387,-0.630823,0.254163,-1.46682,1.24022,1.63802,1.53825,-1.24203,bad
296,-1.41565,-0.948498,-0.638342,1.53714,1.63188,0.143543,3.25633,bad
494,-2.02504,0.617575,-2.35457,0.551357,1.623,2.48307,-0.155859,bad
554,-4.23331,-1.00466,0.981574,-1.51898,1.62057,1.88315,-3.05238,bad
580,-1.88001,0.403137,0.518251,2.41501,1.6197,0.00886328,2.62643,bad
698,-0.229877,1.13825,-2.31249,0.837042,1.61911,0.821381,-2.46375,bad
821,0.359663,0.860023,-0.533277,0.788401,1.61629,-0.7137,-2.94306,bad
299,-3.00002,-0.474207,1.69025,1.53479,1.61553,-0.553767,0.0517716,bad
985,-1.85778,2.34886,0.540231,-0.565698,1.60993,-3.10911,1.23069,bad
212,2.35,-3.96824,-1.1019,-2.52426,1.59618,1.7863,2.14184,bad
864,-0.633837,-0.620324,0.373926,1.12831,1.58541,1.10922,-1.65434,bad
429,-2.827,1.098,0.0877685,0.248251,1.58421,-0.645972,-4.29224,bad
48,-3.32857,0.652577,-1.4244,0.727385,1.57692,2.5778,0.650678,bad
51,-0.411308,-1.7586,-2.21386,-0.149535,1.57618,0.929197,1.41698,bad
734,-1.55736,-1.84612,2.11412,0.362188,1.57125,0.623795,-0.423856,bad
125,-2.22911,-1.09726,3.58992,0.140222,1.56312,-0.161918,-1.33515,bad
19,-2.10805,0.356467,-1.15619,4.32672,1.56154,-4.63017,-1.37666,bad
377,1.82419,-3.03711,-0.40801,3.24562,1.55822,2.83298,0.585741,bad
633,-0.202375,-0.594789,0.363909,0.89956,1.54878,-2.00496,2.9907,bad
702,0.795946,-0.565886,-3.27989,1.5225,1.54728,2.02395,-1.16552,bad
279,-0.560749,-0.157071,-1.69514,0.454258,1.54203,0.351701,1.82218,bad
495,-2.64401,1.47487,0.14527,1.17124,1.54112,-0.945205,-2.85654,bad
659,-0.140943,1.09209,0.269283,0.584294,1.5405,-3.26359,0.526874,bad
76,2.24978,1.30681,-3.36214,-3.29234,1.53637,2.32269,0.171704,bad
599,-0.539639,-0.371999,0.739616,3.30115,1.53171,0.674875,2.01149,bad
94,0.0973976,-2.09014,-5.01889,0.173397,1.52466,5.27845,-1.7004,bad
761,4.0014,-3.3292,-2.39272,2.61014,1.52195,0.299683,-0.160762,bad
742,-3.38983,-0.214744,-0.0193026,-0.0905799,1.52147,0.690231,3.50646,bad
250,-4.40188,-1.88084,-0.185528,-1.15577,1.51741,2.43594,-4.6635,bad
901,-1.06543,0.143723,-2.74007,1.70732,1.50848,3.96511,-2.06105,bad
684,-3.75919,-1.79568,0.518903,0.60719,1.5,2.32852,2.12035,bad
111,-1.21307,-0.24908,-0.00247836,2.5096,1.49853,0.755574,-0.362617,bad
64,-2.23619,-1.17456,1.4827,-0.277161,1.4976,1.07573,-0.936971,bad
428,2.79133,-3.67838,-0.640795,4.09631,1.4935,2.79215,2.19012,bad
665,0.344003,-3.48398,1.17485,2.75677,1.49323,2.49867,1.60277,bad
690,-4.04138,-0.0910983,3.03888,2.1287,1.48901,0.0196246,2.47398,bad
240,-2.27931,-2.12729,-1.05673,1.48795,1.48048,2.65368,2.66213,bad
144,-1.11742,-1.37933,-1.27443,0.484137,1.47888,1.37251,1.72139,bad
46,-0.487367,-0.768805,-0.779231,2.02526,1.47793,0.267788,-4.45457,bad
945,-3.6345,-1.86359,3.85893,-0.831101,1.47469,-0.0389118,-1.18982,bad
267,0.391502,-2.23193,-4.27295,-0.252954,1.47274,2.70087,0.236001,bad
330,-0.828549,-1.25326,1.29446,0.621826,1.472,0.877484,-1.12985,bad
749,0.564192,-0.59164,-1.29481,2.10754,1.47074,-1.6103,1.98616,bad
878,-2.61142,-0.493192,-2.294,-0.187564,1.47041,3.85674,-1.08353,bad
505,-0.279167,-0.84946,-3.64082,3.24688,1.46882,-1.58199,-1.37084,bad
921,-0.565767,1.34261,-2.87167,0.09281,1.46881,1.80768,0.0708876,bad
963,-3.32777,0.457108,3.01328,-0.730098,1.46823,-0.919623,-3.30978,bad
989,-3.40587,-1.88977,2.89931,-1.03475,1.43497,0.52441,-3.18496,bad
598,0.0809706,0.311422,2.10226,1.28484,1.43437,-3.74037,1.05091,bad
417,3.85033,2.17436,1.59018,0.749111,1.43218,-1.27022,5.00049,bad
849,-3.24859,2.63863,0.465508,-0.361373,1.42421,-1.77839,-3.42588,bad
241,-2.21737,-1.66791,3.01012,1.28328,1.42127,-2.21429,3.7583,bad
873,-0.0770131,-1.47924,-3.47337,0.733619,1.41882,2.05823,2.82949,bad
337,-1.01153,2.30829,1.70546,3.09489,1.41137,-5.19966,2.62155,bad
17,-0.0743702,-4.71475,0.249768,2.93532,1.40976,-2.64381,1.25097,bad
544,-2.67537,-0.0214561,0.523988,-0.489344,1.40145,0.934927,-2.83046,bad
722,-0.72065,-2.90434,2.64937,1.59838,1.40086,1.70768,-0.396286,bad
788,0.456052,1.08981,-2.01544,1.69363,1.39926,0.881618,-2.74645,bad
687,-0.462824,-1.15595,2.32399,1.4416,1.38901,-0.459591,-2.26126,bad
197,-1.67418,0.396477,1.07588,1.09284,1.38409,-0.199555,-0.404407,bad
332,0.597812,0.0764249,-0.111259,0.804401,1.3829,-2.40455,3.45301,bad
101,-1.11143,-2.08475,2.51988,0.918004,1.37712,0.937209,-0.894187,bad
944,-0.95678,1.22821,-1.28304,1.90825,1.37709,-0.21828,-0.201583,bad
924,-1.34224,-1.61009,2.00573,2.10337,1.37618,-0.997027,3.48936,bad
811,-4.51151,2.18893,-3.49468,-1.01646,1.37441,4.08082,0.180781,bad
78,-2.17807,0.71106,-2.72353,-0.794619,1.37163,2.66167,-1.43802,bad
834,0.670619,-2.88046,-1.84699,1.1562,1.37137,1.98448,-0.0672167,bad
181,-1.61841,-2.89623,3.29958,1.41192,1.35981,0.900347,0.157979,bad
910,2.46612,-2.9255,0.927685,2.07118,1.35828,3.13991,2.4213,bad
477,-2.548,-0.856294,-0.921999,0.947153,1.35673,2.91687,0.404913,bad
999,-0.938878,-0.169642,-0.220232,1.26368,1.35326,-0.144245,1.22899,bad
824,1.42414,-1.9479,-1.70866,-2.52405,1.35245,1.41449,1.55591,bad
184,-4.96851,-0.814306,-0.481643,1.81428,1.34789,3.77285,1.95171,bad
53,1.20545,-1.78351,0.652683,2.44298,1.34691,1.11506,-1.19866,bad
605,2.86222,-4.38742,-2.5289,1.39749,1.33764,1.18648,1.57327,bad
881,1.86897,-2.57374,0.690511,3.86712,1.32766,1.91937,0.298371,bad
355,-4.90245,-0.66574,2.69921,1.72853,1.32194,1.07492,1.61181,bad
509,2.12607,-0.271592,-1.01329,3.42976,1.32158,-1.50558,3.76803,bad
38,-1.79672,-3.46923,3.68544,-0.164141,1.3203,1.48011,-2.29296,bad
248,0.113811,-1.50747,-2.05159,0.423058,1.31481,1.93501,-1.09833,bad
385,2.31693,-1.76565,-3.14225,-0.896767,1.30379,1.67241,-0.964795,bad
282,-5.17383,-0.832567,3.81408,-1.13765,1.29722,-0.634693,-1.39485,bad
334,-4.03422,-1.24591,2.59135,-0.146699,1.29599,0.677541,-0.953287,bad
273,-0.284108,-1.75492,1.17445,2.28945,1.28825,1.15311,0.39887,bad
291,-0.886137,-1.12587,-0.29121,2.59602,1.27957,1.26176,0.328406,bad
426,-0.439543,0.184892,0.266969,0.964484,1.26882,0.301063,-1.94498,bad
204,0.237406,-0.743632,1.89278,1.36601,1.26545,1.02398,1.09501,bad
699,-0.799594,-0.501725,2.19702,-0.177495,1.26345,0.633092,-1.50163,bad
755,-2.51658,-1.22696,-0.358848,0.417753,1.25818,1.8018,0.889659,bad
433,2.06599,-4.28358,1.76361,2.73681,1.25798,2.935,2.68607,bad
561,2.04724,-5.90874,-0.951043,0.70663,1.23754,-0.202616,-1.35346,bad
707,-0.199289,1.21218,-0.534499,-0.411726,1.23165,-1.20245,2.82334,bad
499,0.215018,-0.540549,-0.423472,2.21089,1.23023,-2.43137,0.780281,bad
662,-1.95198,-0.943181,0.954476,0.825412,1.22647,1.16569,-2.40616,bad
452,-0.832412,-0.154411,-0.0357375,-0.323484,1.22265,1.34751,-1.73329,bad
87,0.523551,-0.785293,0.307177,-0.773882,1.22045,-1.3297,1.35549,bad
953,0.98643,-2.75497,2.13742,2.13553,1.20255,1.50078,-0.534094,bad
519,-0.899434,0.175009,-2.13893,0.804955,1.20117,1.47503,-0.726509,bad
401,1.25949,-0.154944,-2.82825,2.60997,1.19898,-0.754083,0.108349,bad
113,-2.03089,-1.64249,-0.55716,0.48127,1.19892,-0.0839935,5.3812,bad
225,-2.00214,-2.62582,-0.908799,-1.78018,1.19705,3.67859,-4.43433,bad
265,0.778344,0.750074,-2.1065,0.25045,1.19405,-0.297127,1.33801,bad
593,-2.13499,-1.50769,-0.338053,1.12493,1.19317,1.36865,2.98112,bad
412,-0.704063,-5.22709,4.44539,3.24395,1.18665,2.48426,3.06509,bad
303,2.66815,-3.91603,-0.0749127,-0.712558,1.17775,0.0939167,-0.328379,bad
427,-0.0934294,-1.01689,0.623617,1.81039,1.15731,-3.36818,-0.721932,bad
280,1.4076,-1.27404,-3.7402,0.637889,1.14841,1.56149,-0.0600365,bad
304,-3.27357,-1.25434,2.68255,1.22256,1.14152,-0.728923,4.47212,bad
931,-1.47616,-0.320604,-0.424914,0.313641,1.13504,0.91993,-1.36135,bad
162,0.600956,-1.30468,0.785337,1.77136,1.12384,1.41379,2.34786,bad
453,1.50604,-0.240399,-1.93691,0.815989,1.11918,-0.00404402,2.59971,bad
178,-3.07508,-1.5165,-1.66861,0.171907,1.10358,3.37823,-0.00159396,bad
236,-2.34334,-0.618778,-0.454251,1.19764,1.10202,2.85379,0.675495,bad
832,-3.86196,-0.722188,2.71254,0.0438943,1.10094,0.144929,-1.85327,bad
673,-2.39799,0.397427,-1.60669,-1.2032,1.09721,4.36236,0.52152,bad
752,-0.941131,-2.01737,0.385145,-1.71423,1.09691,-1.30825,0.459723,bad
775,0.566592,-2.70865,-3.31318,0.663354,1.08688,0.335281,-0.995586,bad
925,-1.95349,1.45842,-1.24369,-0.56588,1.07432,0.306923,-3.65322,bad
21,1.17759,-0.721654,-1.38712,7.61985,1.06929,-3.73481,2.64295,bad
996,2.24326,-4.0793,-1.56746,2.34782,1.0665,0.00440383,2.53684,bad
661,-0.925349,-1.2138,-0.930872,-0.189799,1.06009,1.21398,0.519551,bad
312,-4.83261,-2.36107,4.95082,-1.83889,1.05891,0.202573,-2.17134,bad
569,-0.300053,-1.4001,1.24187,0.963302,1.0534,1.03657,-1.48605,bad
290,-3.21987,0.375194,1.64995,1.48211,1.04628,-2.20167,4.0433,bad
874,0.604029,0.159728,-0.817817,0.364624,1.04591,-1.11321,-1.24364,bad
440,-1.30483,-0.273041,-0.525761,1.79198,1.04163,0.214154,-0.731352,bad
408,1.89632,-3.14454,-0.399112,2.17408,1.03706,3.46989,-0.315721,bad
894,-0.11197,-1.02419,0.966901,-0.692899,1.02554,-2.20125,1.07383,bad
938,-2.26891,0.350619,1.02327,0.000145975,1.01919,-1.3228,-0.0227745,bad
739,-1.7711,0.307564,1.83117,1.43423,1.01525,-0.765246,0.48049,bad
506,-2.07364,-1.21283,-0.81844,3.80883,1.01386,0.748661,0.0261342,bad
813,1.66635,-3.52116,-3.20884,1.83406,1.00837,0.487534,-0.465003,bad
35,-0.955402,-2.4611,-4.08716,0.839108,1.00322,4.97564,-0.981388,bad
424,-3.6266,-0.536981,2.87555,-1.09769,1.00177,-0.0745541,-2.06921,bad
325,-0.213848,-2.51576,2.83924,2.7411,1.00138,1.32527,2.91447,bad
13,-1.34553,-1.6237,2.04414,1.75481,0.997567,0.43418,1.72403,bad
897,-1.7012,-0.825932,1.35034,-0.464459,0.995156,0.867104,-3.09041,bad
422,2.93879,-1.12128,-1.80794,4.24989,0.994183,1.97979,0.926895,bad
623,-0.560197,-0.662943,-1.65604,0.400827,0.99395,1.077,0.703619,bad
41,-0.35419,-2.02404,1.36698,3.23362,0.992669,1.52561,2.74092,bad
194,-2.93762,-0.707788,1.11177,0.697301,0.991533,0.388504,0.848923,bad
758,0.689292,-1.20637,-0.370502,2.23061,0.982219,1.8548,-2.13497,bad
340,-0.178849,-1.14703,-1.04832,-0.146478,0.979496,2.94013,-0.669387,bad
104,-1.57256,-0.00904244,1.96944,1.88446,0.977656,-0.655249,2.12752,bad
991,0.352351,0.255226,-0.475636,0.207086,0.954358,-3.09394,5.58812,bad
444,0.494241,1.96183,1.43675,-0.428753,0.946644,-1.98935,3.49694,bad
88,-1.44762,-0.400823,-2.01582,0.519148,0.921564,2.63835,-0.529029,bad
339,-1.61519,-2.47214,-0.250067,1.04121,0.917952,-0.459193,4.94005,bad
482,-0.433134,1.16008,-2.863,1.74907,0.916486,1.72357,1.38649,bad
984,-2.93725,-0.57716,-1.10648,0.357836,0.913827,2.93755,-0.951867,bad
706,-2.85037,-2.75713,0.396464,-0.00693719,0.904781,3.63649,-2.25107,bad
538,-3.30844,1.5691,2.91239,-1.37905,0.897301,-1.42131,-3.99733,bad
85,-0.490314,-2.69359,-2.26293,1.40822,0.89413,4.09705,-1.19298,bad
504,0.54749,-2.10583,1.6729,1.48775,0.889657,1.05248,0.838016,bad
560,1.06108,-0.304592,-3.49387,0.935043,0.882096,1.31669,-1.51409,bad
583,2.92503,-1.14694,-1.76583,2.27733,0.866874,-0.302878,0.978184,bad
861,-1.59413,-0.741668,-2.06231,0.930106,0.860365,2.28554,0.232869,bad
1,-1.19522,-2.83926,3.66406,1.58823,0.853286,0.86753,-0.722809,bad
543,-5.23419,-0.782205,5.55962,2.24913,0.84981,-1.64886,4.30646,bad
928,0.0764441,-0.89661,-1.1053,1.38961,0.848941,1.53221,-0.159626,bad
889,1.92074,-5.59234,3.58339,1.6173,0.84169,3.20895,1.75325,bad
268,-1.55247,-1.35363,0.298421,-0.168359,0.833208,3.27951,-0.15317,bad
34,-0.0343679,-1.33281,2.3291,2.86276,0.825239,1.06267,2.30033,bad
902,-2.14242,1.95211,-2.52127,0.398628,0.823258,0.683039,-3.7598,bad
434,1.2221,0.303505,-1.98264,0.965517,0.819295,-1.36312,-0.145662,bad
257,-2.43814,3.60329,-3.99427,-0.3991,0.810791,0.8132,-1.67431,bad
37,3.94811,-1.63418,-4.77378,1.93163,0.79054,1.5831,-2.47806,bad
503,-2.3112,0.599271,-1.29055,1.65525,0.78091,0.951248,-0.826906,bad
677,-2.92649,0.414439,-0.236782,0.443611,0.78039,1.1456,0.0395804,bad
566,-2.20294,0.604628,-2.30039,-1.20963,0.778298,2.98741,-0.938838,bad
77,0.913367,0.238228,-0.866453,0.411079,0.777247,-0.690558,0.269082,bad
528,0.0636821,0.388509,-0.695765,2.40007,0.771042,1.0104,0.679909,bad
884,1.67605,0.0849124,-1.39143,2.69771,0.766978,-1.57376,0.495657,bad
155,-3.91849,-0.289519,2.67807,-1.2984,0.766755,0.360116,-2.20602,bad
445,-0.879062,0.330725,-0.253714,1.77187,0.765024,-2.88566,0.382914,bad
995,0.241069,-0.555241,-1.83248,0.666811,0.753381,-0.221876,-2.3927,bad
256,-4.4418,-1.30817,-0.644852,1.03075,0.743742,3.01215,-1.55264,bad
907,-1.42418,-2.18496,0.772973,-1.20353,0.73642,1.82027,-3.01647,bad
952,0.234864,0.217703,0.347759,0.0997057,0.733096,0.430581,-2.89387,bad
90,0.516948,0.643781,-2.75288,1.26594,0.71429,1.04106,-2.96742,bad
747,0.499326,-0.81165,-2.14912,-0.220934,0.705806,0.331479,-1.8499,bad
585,-2.82467,-0.676216,-2.058,-0.0243001,0.703555,4.53793,-0.221105,bad
136,0.0197205,-0.591226,-1.73924,0.00120828,0.695053,-0.0184533,1.30726,bad
167,0.648403,-0.597958,-0.348552,1.20565,0.685867,2.03225,-2.21295,bad
99,-1.15932,0.723172,-0.0402536,-0.748296,0.677957,1.25185,-2.14602,bad
576,0.294586,-0.353755,-0.540282,2.85984,0.67199,1.29184,0.920606,bad
93,-2.09043,-2.26132,3.82271,-0.512141,0.660595,0.663423,-1.71409,bad
859,-0.439466,-1.05402,1.61105,0.542555,0.657318,-0.911035,-1.33642,bad
224,0.624839,-0.786826,0.907733,-0.350257,0.653573,-1.48045,2.56937,bad
378,1.90952,-1.36533,-1.40289,2.6542,0.650171,2.65262,-0.493836,bad
421,-2.58823,0.934419,-2.3181,-1.90876,0.648554,4.48569,0.194095,bad
954,1.68593,-4.27566,-1.5999,0.998566,0.641066,4.5266,-1.92677,bad
183,-2.45622,-1.30067,1.90372,-0.329152,0.640678,0.325073,-2.5683,bad
182,-2.55552,-0.517085,-0.931773,-1.08354,0.638364,3.29907,-1.13688,bad
534,0.559077,-1.88709,-4.29559,1.47132,0.638079,4.07446,0.296224,bad
138,-0.820989,0.934445,-1.33615,2.18383,0.632515,1.42093,2.43475,bad
584,0.0790185,-1.8943,1.30242,-0.19538,0.627322,1.90765,-0.642411,bad
23,0.135714,-0.753757,-2.19615,1.03928,0.580538,0.227309,2.08662,bad
579,-3.22667,1.68059,-0.0211054,-1.18896,0.57255,-0.0427552,-3.0215,bad
222,0.546616,-0.900337,-1.01942,2.54886,0.569765,-1.56412,1.91366,bad
540,0.127841,-0.745334,0.82095,-0.57126,0.569247,1.87053,-1.71884,bad
80,1.9069,-0.286557,-0.642276,-0.909687,0.567271,0.447677,2.33128,bad
760,-0.30221,-0.993247,0.553134,-0.0165917,0.56398,-1.71597,0.73355,bad
301,0.660365,0.658653,-0.974906,2.12439,0.562971,-1.7359,1.33344,bad
488,-2.76379,0.832855,1.14781,1.66016,0.554733,-0.666507,2.27946,bad
875,0.441505,-0.578751,-3.76736,2.46989,0.547227,4.03578,-1.69294,bad
366,-0.276055,0.218412,-3.95565,0.888881,0.546417,0.0339517,-0.704668,bad
555,3.09941,-1.69156,-3.67936,0.963606,0.538102,1.6601,-0.544761,bad
376,-1.21044,-0.71392,-0.402485,2.0338,0.533504,1.07588,0.329818,bad
743,0.84827,-0.74318,-1.52457,1.04395,0.514211,1.16952,-1.28449,bad
148,1.46031,1.89224,-1.42119,-0.421416,0.514115,0.231571,3.38752,bad
373,-0.972953,1.92623,-0.979577,-1.13425,0.510837,-1.418,-0.101725,bad
819,2.35343,-2.27967,-0.740085,2.62747,0.50616,1.82282,-1.40988,bad
846,-0.271943,-0.762936,1.08655,0.753759,0.500655,-2.68067,1.60871,bad
493,0.186932,0.120942,-1.5211,0.740063,0.495512,-1.26313,-0.980073,bad
61,-4.67414,0.797046,-0.897213,-1.39398,0.49213,3.20171,-0.586287,bad
420,-0.580186,-2.57304,1.36367,1.05347,0.487122,1.58942,-0.791927,bad
263,-0.88811,0.0197082,-1.14775,0.062865,0.485839,1.33219,-0.531192,bad
639,-3.66315,0.881709,0.771988,-1.73058,0.475535,1.00686,-3.67514,bad
825,0.712348,-0.588145,-3.21542,1.08987,0.475369,0.386938,0.63375,bad
476,2.38819,-1.95129,-1.00092,0.991466,0.473925,3.19295,-1.03702,bad
781,1.081,-0.648707,1.23745,0.314276,0.463345,-1.69186,2.5243,bad
606,2.66594,-1.68855,-4.63505,1.29716,0.460287,1.88917,-0.370717,bad
415,-3.37751,0.246022,-0.528357,1.41974,0.453682,2.86781,-1.56801,bad
618,2.62258,-0.727552,-5.0799,1.23485,0.450371,1.79375,-1.72589,bad
18,-0.302364,1.7244,-2.44234,3.46511,0.449792,-0.0743624,2.49378,bad
536,-0.733303,-0.525051,0.534365,0.535375,0.44801,-3.11571,4.07683,bad
624,0.607803,1.25602,-3.18485,3.79293,0.44748,1.36369,0.77325,bad
640,-1.36538,0.331631,-0.483123,-0.518862,0.446692,2.29927,0.612548,bad
774,1.05884,-0.0790056,-1.54383,-0.55062,0.442155,0.0867622,0.317556,bad
918,-0.677468,-0.59362,-3.45892,-0.0312014,0.440184,0.0315644,-1.53205,bad
396,2.82591,-1.11933,-1.64869,0.958924,0.436685,0.644317,1.60104,bad
594,-1.26381,0.399645,1.68649,0.322649,0.431915,-1.13399,-0.0673126,bad
89,1.28832,0.118324,-2.03989,1.25421,0.421781,0.273823,0.0643522,bad
939,-1.02116,0.662863,-2.09662,1.40041,0.419176,-1.33408,1.12819,bad
156,1.94987,-0.78061,-3.13447,0.115947,0.418512,-1.72995,1.37814,bad
762,-1.2494,-1.63732,3.79156,-0.871273,0.416662,0.771731,-0.92136,bad
547,-2.10219,0.793196,0.777083,1.51098,0.414618,-1.58217,-0.0865829,bad
195,1.30099,-1.28559,0.443455,1.21646,0.411153,-3.54854,4.16975,bad
40,1.19655,-1.4481,-0.921517,2.00549,0.404741,-0.700779,1.07113,bad
451,-2.39431,-2.84301,1.17657,-0.693393,0.400813,2.69963,-2.85698,bad
951,0.0256522,-0.326161,-1.23943,-0.486802,0.39559,-0.127623,2.47758,bad
9,-0.727983,-0.44282,-4.09222,0.597513,0.393714,1.62086,2.18561,bad
283,3.6611,-2.30911,-2.73442,3.63504,0.376114,3.82718,0.0261719,bad
628,-3.41925,-1.89785,4.16239,-0.593183,0.371965,1.02414,0.195607,bad
719,-1.2651,0.330938,0.586008,1.72731,0.371202,-3.32498,0.369161,bad
603,0.318858,-3.01979,-1.59408,2.59141,0.366573,-1.09892,0.754842,bad
713,-0.435186,0.451229,-0.984333,0.975638,0.36546,0.514146,0.553473,bad
917,-0.88659,-1.19035,-0.447499,-2.51676,0.36391,-0.507086,-0.813558,bad
86,1.88965,-1.23488,-2.00323,1.61822,0.360724,2.71221,0.124914,bad
535,-1.57283,-0.816051,-0.165679,0.792687,0.358,1.66218,-2.74802,bad
219,-0.27107,-2.51585,2.34292,0.699965,0.356716,1.94189,-1.65299,bad
575,1.83208,2.20643,2.03731,-1.90165,0.355729,-0.795371,5.08746,bad
302,0.9696,-3.87366,1.3701,2.43508,0.355648,3.21724,2.43431,bad
632,-0.140735,-1.76203,-0.135482,3.07168,0.355607,2.04671,2.15803,bad
164,-1.33802,-0.414034,-1.03899,2.19399,0.339238,2.05529,-0.240022,bad
660,-0.938766,-1.19889,1.44782,1.59558,0.337622,1.49937,-0.105425,bad
261,-2.74518,-1.10499,1.26367,0.992078,0.327277,-0.581334,3.15271,bad
423,-0.166097,0.385633,-1.10288,0.473801,0.325483,0.983244,-2.17194,bad
293,-2.62517,-0.572031,1.6099,0.995256,0.318017,-1.18469,2.20142,bad
139,0.0310541,0.563083,0.380778,1.30872,0.31711,0.435549,-2.33633,bad
79,-2.16746,-1.72967,1.29234,2.34303,0.313248,-0.90759,-1.78745,bad
899,2.08155,-3.9038,2.62881,3.28979,0.304922,2.28782,2.60024,bad
454,-1.34408,-2.59847,3.03925,0.477874,0.301254,1.25318,0.0193174,bad
134,0.132455,-3.03788,-2.46454,1.61923,0.30012,2.11055,-3.40812,bad
793,-2.24695,-0.670185,-1.11786,0.95029,0.299012,1.95498,-0.851295,bad
751,0.517882,-2.57874,-3.34912,1.91851,0.296204,0.0424404,-1.50492,bad
489,0.772799,1.54118,-2.73246,1.44022,0.28246,0.874259,1.95012,bad
52,1.34376,-2.51442,-3.46154,3.84115,0.280515,-0.0254368,0.856229,bad
919,-2.65158,-0.378202,-2.49375,2.35131,0.279635,0.827336,-1.72464,bad
853,-0.433219,-2.91602,1.18253,0.580387,0.276185,3.21662,-0.815587,bad
717,0.337684,-0.412042,-0.2134,1.96574,0.272895,-1.85506,3.65849,bad
833,-0.119359,-1.86823,2.71626,1.33191,0.272558,2.43465,2.78812,bad
600,-0.591905,-2.49652,2.78657,0.785988,0.266635,1.58987,-0.446924,bad
590,1.63112,-1.31687,-2.01303,1.62216,0.261015,0.293064,-0.463927,bad
266,-1.66013,-0.926468,-0.12413,1.83162,0.257863,0.619933,2.5412,bad
446,-1.51085,-2.03031,-0.186089,2.12195,0.256777,1.0094,3.18915,bad
514,0.866742,0.868371,-0.993523,1.17503,0.249553,-1.06033,-0.528235,bad
92,-0.691713,-2.43134,-0.909664,2.42832,0.242079,2.31358,1.28594,bad
900,0.459343,-0.485814,1.26299,2.14245,0.237014,-3.06521,3.49654,bad
948,-1.21081,-0.72453,0.834793,-1.62605,0.23362,-1.56959,1.12442,bad
586,-0.514507,0.330494,-1.41902,1.16665,0.231519,2.11165,1.03812,bad
972,-1.2528,-0.273387,0.484443,-0.137162,0.230824,-2.26671,1.01775,bad
230,-1.28628,1.10542,-3.15693,1.97386,0.223007,1.44271,0.814293,bad
226,0.585208,-1.4804,-1.53043,1.59253,0.22129,-0.0466263,1.50889,bad
190,-0.433011,-1.47376,1.06234,0.988939,0.219545,2.11838,0.924712,bad
271,-1.02942,-0.315372,1.82445,1.23213,0.215069,-2.69392,2.09973,bad
84,1.75627,-2.07825,-1.347,1.57071,0.205595,3.3323,-0.15988,bad
285,-0.441543,-2.20732,-2.66863,0.778624,0.189522,3.35459,0.409553,bad
474,1.7282,1.78749,-1.43125,0.160493,0.188754,-0.0107276,2.30886,bad
83,1.41035,-6.23511,0.606679,2.78153,0.188419,-1.65557,1.78747,bad
216,-0.458838,-0.936625,-0.802758,1.55955,0.167666,1.91712,-0.348892,bad
542,-0.17277,-3.1485,-0.495673,0.581484,0.16435,-1.18433,-0.513257,bad
7,-1.99546,-0.428958,1.53064,-0.742972,0.158834,0.974438,-1.47013,bad
710,-2.53279,-3.12367,1.11736,-0.279017,0.154359,1.75281,-3.75576,bad
218,0.098975,-1.53406,-0.403879,3.1838,0.13801,-2.54419,0.280207,bad
960,1.79287,-3.42483,-4.08791,0.10256,0.122414,2.33076,0.914403,bad
914,-3.69912,-1.92243,-1.97106,2.20442,0.115186,1.76983,-3.13586,bad
62,-3.34149,-1.35556,1.43365,1.72236,0.112912,0.688788,1.61918,bad
549,-1.4844,-1.1146,-4.69223,-1.36738,0.111192,6.06623,-1.95566,bad
641,-0.166163,-1.61607,2.17631,1.53699,0.109504,0.177205,0.376794,bad
829,2.53259,-1.33905,-1.82844,3.80301,0.100342,-0.950687,0.735686,bad
979,-2.66266,-2.60167,-0.0587145,2.15443,0.0943336,1.55342,4.03715,bad
44,3.93036,2.75441,-2.66795,1.42825,0.0927612,1.09579,2.62727,bad
891,2.87426,-3.70288,-1.70432,3.96381,0.0906437,-1.05804,-2.19108,bad
780,-0.840793,-3.7204,2.91315,1.52826,0.079635,1.95569,-0.539101,bad
839,-2.33323,0.789809,-0.320619,0.0927222,0.0728526,0.728018,-3.47105,bad
324,4.52477,-0.524203,-3.87015,3.05619,0.0582917,1.01269,-1.23195,bad
726,-1.84188,0.279274,-0.107076,1.33489,0.0448201,0.149959,0.174434,bad
124,0.0897074,-2.24999,-2.67362,2.76221,0.0359696,-0.903597,-1.45613,bad
278,-2.26361,2.12684,-1.56302,-1.67506,0.0250713,1.92711,0.764295,bad
850,0.0862839,-1.67357,1.53839,1.72447,0.0220259,1.46126,0.720196,bad
654,-0.275249,-1.48713,-1.72945,1.66928,0.0169005,2.6484,-1.01674,bad
678,-0.0751448,1.68472,-3.16847,1.89237,0.0149548,1.84106,-2.57059,bad
794,0.440484,0.856487,-0.275917,5.27909,0.0148654,-4.07138,-1.3195,bad
959,0.417865,-3.21508,1.87923,1.47047,0.011739,2.86434,1.26025,bad
437,-0.306896,-0.589711,0.196903,1.3035,0.011035,-0.443881,-0.622332,bad
463,0.134902,-1.39571,0.115702,1.77916,0.00576531,2.65475,2.48296,bad
548,-2.28723,0.162206,-1.19633,0.670176,-0.00090524,2.4914,0.823026,bad
483,0.481432,-3.02814,-1.22666,2.70639,-0.00401236,-1.45508,0.744692,bad
872,-0.107084,1.11934,0.25109,-0.090976,-0.011058,-2.04539,-1.17181,bad
122,-3.2029,-0.849827,-1.10621,0.473819,-0.0234405,2.35629,-1.59075,bad
49,-1.10706,2.2612,-2.6352,0.882265,-0.0239954,2.2181,2.86505,bad
693,1.24267,-0.751112,-0.700877,-1.0341,-0.0332642,-0.610698,-2.12154,bad
392,0.490259,-0.285924,2.28268,-0.0995319,-0.0340516,-2.24544,2.12439,bad
389,-1.72254,-1.76081,1.94192,0.593023,-0.045435,-1.49028,3.78245,bad
572,-2.87654,2.17312,-2.71575,-1.14224,-0.0472886,2.955,1.00448,bad
203,-2.84087,0.358603,-3.13045,-0.184856,-0.0476267,4.05742,-0.157131,bad
511,2.83398,-1.04904,-1.72856,1.69429,-0.0478452,0.690355,3.53785,bad
602,0.440098,-0.536274,-0.854271,0.160995,-0.0497581,3.08159,1.33489,bad
667,-2.35135,-0.272642,-3.56839,-1.63819,-0.0537237,5.25406,-1.24409,bad
416,0.279686,2.00589,-0.589728,0.634174,-0.0616188,-1.28566,1.28226,bad
297,-3.85383,-1.86823,1.41524,1.59127,-0.0621912,2.39022,1.79836,bad
177,-1.08028,1.24466,1.21507,-0.812246,-0.0623066,-0.277078,-1.977,bad
965,-4.78653,0.52441,-2.73031,-0.0358593,-0.0710001,3.4531,-1.33465,bad
300,-2.69058,-1.31431,0.676251,-0.0413873,-0.0748726,1.53025,-1.81845,bad
129,-1.16285,-1.41695,0.440113,2.65394,-0.0956783,-0.950444,3.14587,bad
656,1.46771,-0.346824,-1.92687,2.65122,-0.0959208,0.343582,0.318494,bad
342,1.08415,-1.52628,-1.47509,0.230184,-0.108019,-0.0453087,0.0850501,bad
546,-3.97706,2.42639,1.45834,-1.81635,-0.109633,-0.961738,-4.38487,bad
609,1.07218,1.40435,-2.70909,-0.908657,-0.125466,0.998452,0.796064,bad
955,0.684002,0.264121,-2.77546,0.37644,-0.129449,1.24831,-0.352534,bad
705,1.80293,-0.0127518,-0.58045,1.46414,-0.129531,-0.570566,1.3483,bad
646,-1.9529,-0.325204,0.758698,-0.542917,-0.131253,1.02648,-0.559689,bad
163,1.36093,-0.969685,-2.87448,0.905056,-0.131909,0.135906,1.61209,bad
70,0.610132,-3.46082,1.33676,0.387451,-0.136781,2.98865,-2.04477,bad
815,-1.23434,-1.51615,0.721188,0.817263,-0.137655,0.229357,0.171315,bad
448,-2.5894,-1.42449,-4.39065,0.867853,-0.138383,4.13838,-2.80256,bad
915,3.31801,-4.7474,2.24039,3.54995,-0.146627,3.26522,2.57747,bad
539,-2.52333,-2.57263,1.8391,2.91099,-0.147553,-4.63648,-0.142419,bad
731,0.786645,-1.18889,-0.703423,2.02626,-0.164523,2.10896,-0.728191,bad
289,0.489451,0.377926,-2.88415,0.50974,-0.167084,2.29517,0.427387,bad
329,1.39273,-1.56312,-5.02972,-0.149823,-0.171402,2.74582,-0.551684,bad
172,-0.125752,0.0246447,0.00325581,1.45697,-0.178902,2.08377,-0.131764,bad
470,-0.579963,-1.68837,-1.74092,1.67798,-0.202937,-1.13571,0.228479,bad
692,-0.869662,1.29413,-0.162701,-1.73868,-0.2041,1.2519,-3.28027,bad
671,2.13305,-0.568612,-1.16265,0.470721,-0.210563,0.691633,2.46524,bad
309,-0.376045,-1.44283,-0.870774,1.2966,-0.213574,0.989835,-1.42881,bad
644,-2.64593,-1.15085,0.973614,1.47856,-0.221438,0.179268,3.53873,bad
95,1.3726,-0.816191,-1.13803,1.94896,-0.222232,-0.561915,1.65216,bad
409,-1.45622,1.71547,-1.75408,0.622814,-0.237516,0.169502,0.819827,bad
930,0.923694,0.6644,-3.14103,3.06143,-0.242057,1.95401,0.61841,bad
209,-0.961388,-1.26052,-3.24689,-0.754799,-0.243771,4.24257,-2.15335,bad
768,0.831843,-0.265104,-2.5923,1.02402,-0.249263,-0.213886,0.660855,bad
591,-0.473288,-0.555146,0.559616,-0.424502,-0.250158,1.8519,-4.80928,bad
756,-1.31679,-0.193554,-1.59609,2.04371,-0.252269,0.427052,-0.500547,bad
363,0.943801,-0.879667,-1.77405,3.47848,-0.254345,-1.35806,1.28193,bad
770,0.644361,1.94925,-0.518537,1.21092,-0.26026,-1.29872,2.62006,bad
464,-1.68714,0.219058,-0.394603,0.0317768,-0.269906,-0.635329,-1.75611,bad
507,-0.055726,-2.07918,-2.58699,0.482617,-0.271768,0.439725,0.267883,bad
63,0.455313,-2.3829,-0.83743,-2.36618,-0.27646,0.852335,-0.0311261,bad
102,-1.92182,-3.48136,0.441476,1.77752,-0.283584,0.822919,-3.50449,bad
920,0.155756,-0.69856,0.766755,1.86508,-0.285543,0.944386,-1.01216,bad
352,1.2745,-2.51149,0.38256,2.71517,-0.288363,2.28324,1.50107,bad
908,-0.477195,-0.563954,3.05565,1.07908,-0.30191,-1.20318,0.972848,bad
725,1.16995,-1.37143,-1.01193,0.806847,-0.302615,0.936429,-1.23044,bad
993,-0.65801,1.28888,2.79956,-1.65504,-0.30771,-2.50017,2.87814,bad
295,0.591232,-0.00195466,1.19556,1.80464,-0.309609,-0.344143,2.28009,bad
168,2.21435,-0.0293264,-1.64331,3.37537,-0.310932,-0.733332,1.0103,bad
847,0.123571,-2.92141,1.44393,2.39972,-0.315445,2.83988,-0.253867,bad
170,0.89274,-2.57026,0.686403,2.20201,-0.332588,-1.84103,1.40297,bad
50,-2.93862,0.524455,0.802257,-1.47593,-0.336349,1.43065,-2.29888,bad
28,1.44605,1.65669,-1.77752,1.70896,-0.34167,-1.32244,-1.15813,bad
120,-3.83587,-0.838796,1.41286,2.25127,-0.343721,0.946562,1.66132,bad
380,-1.5641,1.20266,-1.64654,-0.906798,-0.36607,2.66088,1.11716,bad
610,-1.0235,-1.74575,1.36953,-0.277134,-0.375001,0.72822,-1.68466,bad
284,0.624366,-3.76294,-1.62994,1.2388,-0.401242,0.129117,0.383299,bad
744,0.122972,-2.43309,1.31582,1.13802,-0.401675,0.828748,-1.03151,bad
868,-0.593084,-0.614563,-0.965532,1.37584,-0.404391,0.632695,-0.332071,bad
675,1.80822,1.63133,-0.794904,-0.0620176,-0.405498,-0.316751,0.0946472,bad
133,4.42078,-2.54767,-1.75629,0.90181,-0.412841,1.98717,1.61353,bad
199,-3.97694,-1.87677,-0.103706,1.48225,-0.416407,1.76528,2.71898,bad
42,-1.53861,-2.74784,1.84495,0.491249,-0.425816,1.25977,-1.68092,bad
29,-0.595825,1.53468,-1.76932,0.664502,-0.432874,0.800439,1.64595,bad
711,2.27605,2.06599,-0.885219,0.732732,-0.446585,-2.71326,-2.44986,bad
911,-0.350125,2.72611,0.368017,1.63011,-0.45624,-2.63027,1.86747,bad
513,-0.54989,0.101256,-0.818702,-0.294354,-0.463337,-0.145805,-1.34673,bad
903,2.89277,0.900971,-0.418609,4.59194,-0.466122,-1.78733,2.21569,bad
696,-0.632413,-1.62641,-2.04211,1.98525,-0.470502,-0.00598296,-3.02412,bad
724,-0.660916,-0.443475,1.67143,-1.57626,-0.47251,1.37304,-4.22476,bad
171,-2.6289,-2.05118,-1.24276,0.0283189,-0.474314,1.34006,2.25824,bad
402,1.32448,1.71662,-0.970105,-1.08742,-0.47896,0.242747,0.14953,bad
187,-2.7433,-1.21404,-1.98925,-0.650298,-0.495184,3.84917,-1.86583,bad
381,-2.78213,-1.38188,0.169553,0.821837,-0.499498,-0.795837,4.9893,bad
869,-0.971715,-0.202241,-3.06991,-0.00204276,-0.516062,3.16065,-0.524904,bad
648,0.550023,-0.873322,-0.584006,1.14081,-0.525227,-1.18997,-1.98236,bad
372,-2.11808,-2.56085,-0.797107,0.323212,-0.52711,3.08675,-2.52033,bad
700,-2.68938,2.06693,-1.42739,-0.478963,-0.531704,2.24574,2.02473,bad
956,-0.582115,-0.14237,-0.0570861,1.16417,-0.54629,-0.318579,-2.08887,bad
143,-1.08171,-0.128446,0.0929116,2.23529,-0.550943,0.300268,0.638823,bad
516,-2.56189,-1.35131,-0.820041,1.49022,-0.555786,2.13851,2.40015,bad
527,1.20679,-0.508979,1.73621,1.30101,-0.556149,-1.33205,1.00916,bad
799,-1.33412,-3.22731,-1.2316,1.43814,-0.559515,1.96459,-3.4801,bad
863,-0.546061,-0.539811,-0.820966,-0.237906,-0.559595,2.0647,-0.0428799,bad
852,2.0087,-3.75953,0.80181,2.52351,-0.564673,4.04146,1.32776,bad
405,0.773149,-1.00203,-0.572641,0.655669,-0.577256,-0.665252,0.247923,bad
121,-0.776405,-0.116797,-1.81309,1.24155,-0.577928,1.32588,0.22402,bad
827,-0.56497,0.0607147,-1.07475,-0.02484,-0.579624,-1.10618,-1.56403,bad
399,-1.03701,2.61129,-2.97567,0.409859,-0.583967,3.58775,4.40595,bad
298,1.13755,-0.312701,-1.40332,0.531703,-0.58418,-2.71162,2.72006,bad
823,-0.71212,1.31494,-1.57488,0.941322,-0.592441,2.41067,3.41664,bad
491,-0.209518,0.874576,-2.95428,3.1036,-0.599039,-1.18798,-0.30652,bad
45,0.033471,-0.044161,-0.481202,4.93721,-0.609873,-3.2315,1.24879,bad
629,-0.208962,0.0245418,-0.261291,0.929662,-0.612923,1.3444,-0.207892,bad
369,1.24404,-2.46573,-3.88753,2.2338,-0.618175,0.838173,-1.57015,bad
356,1.11734,-2.98314,0.46342,3.00077,-0.642556,0.465851,-0.558476,bad
152,0.192117,1.36309,-0.104827,-1.51194,-0.659624,2.73716,-0.187721,bad
508,-2.0698,-2.17491,-1.27128,1.57542,-0.662195,4.1341,-1.65838,bad
563,1.49022,-1.65521,0.685513,3.13237,-0.668775,-1.34951,0.117584,bad
243,-4.57262,0.100534,1.58403,-0.552687,-0.677375,1.37915,0.142474,bad
950,3.18251,-1.2374,-2.91953,1.59667,-0.688642,1.5642,1.52504,bad
553,-1.52224,0.468538,-4.24694,0.487412,-0.70267,0.94823,-2.36845,bad
777,0.761385,-0.15111,-1.59713,2.91839,-0.707816,-1.39892,-0.0291118,bad
694,1.58397,-1.22016,-2.65416,0.263114,-0.711733,0.484312,-1.42481,bad
796,0.94664,0.629283,0.662392,1.19695,-0.717912,-1.79707,0.584264,bad
68,-1.12906,-0.257836,-1.94224,-0.0209347,-0.724139,2.66211,-0.112473,bad
935,-1.9047,-2.76375,1.20419,2.4448,-0.761011,-0.591908,-2.35026,bad
562,0.259523,-0.815402,0.869377,-0.204425,-0.764832,2.22787,0.423216,bad
798,-1.92,-1.92149,0.695242,0.390592,-0.765199,1.04655,-2.08774,bad
348,1.76999,0.772538,0.649893,0.665295,-0.768162,-0.889426,2.64894,bad
479,1.60259,-1.42006,-0.59839,0.836844,-0.769143,3.07958,0.985013,bad
601,1.61505,0.845144,-4.46074,0.864101,-0.770956,1.90538,-0.00813638,bad
132,-2.26753,-0.995608,2.25468,-0.620752,-0.772808,1.33625,-0.320549,bad
946,-1.76907,-1.49086,-0.414663,0.323572,-0.778969,1.59154,-1.50777,bad
56,1.82266,-0.545617,-0.367821,0.252983,-0.789107,2.13591,-3.34396,bad
933,-0.43382,-0.0153188,0.143291,0.647618,-0.7906,-0.710097,-0.311928,bad
521,0.278974,0.132544,-2.75237,-0.106853,-0.791003,1.26755,-0.876621,bad
465,0.860115,-2.55386,-0.137818,4.25729,-0.791553,-2.39983,-0.0698794,bad
880,-3.75091,-2.17797,2.25827,2.11276,-0.801952,0.179573,3.26729,bad
896,-0.255417,-3.72451,-2.28994,2.29908,-0.80697,-0.632366,-1.1096,bad
395,-0.0564883,0.557704,-0.49645,1.29246,-0.80703,-0.116164,-1.51738,bad
221,1.75965,1.68775,-1.5441,-1.89445,-0.808631,1.41624,0.838,bad
349,1.23607,-2.08822,0.561291,-1.72924,-0.820017,3.17019,-4.04115,bad
346,1.80019,-2.59586,-3.4239,1.32844,-0.835875,1.48146,0.994854,bad
288,-1.9641,-1.4023,3.5621,0.391377,-0.844019,1.85576,3.55164,bad
173,-0.784981,-2.56469,-2.83616,1.62918,-0.846003,5.54814,-2.17899,bad
165,-0.348625,1.83615,-0.191223,3.54938,-0.850151,-3.65189,1.65662,bad
367,3.28441,-4.15954,-2.26108,0.159527,-0.861256,2.51089,1.39885,bad
712,-3.90071,-1.29527,-0.882284,2.53104,-0.866997,2.69247,3.6169,bad
169,-2.16581,-2.17645,2.30017,-0.551487,-0.902726,2.76264,-2.03118,bad
763,-0.531523,1.04667,-1.63592,0.546582,-0.903103,-1.00313,-1.6353,bad
791,-2.47761,-0.657953,-2.09464,1.58001,-0.911673,-0.419339,-2.94944,bad
498,-1.87478,1.57691,-0.691253,-0.309359,-0.917596,1.49039,-1.04162,bad
215,2.61191,-0.922059,-2.1969,3.53321,-0.921278,-0.015432,1.61789,bad
929,1.39978,1.03634,-0.642471,1.48002,-0.925231,1.13123,-2.38409,bad
211,-0.0623551,-1.32464,-1.78242,-0.346283,-0.937752,0.863851,-2.83524,bad
281,-0.443087,-2.35205,-1.47948,1.06603,-0.939353,1.61996,-2.42008,bad
828,-0.21435,-2.31925,3.07907,-0.421977,-0.944833,3.12996,1.76923,bad
826,-0.0235387,1.69575,-2.45055,-0.261871,-0.952683,0.441958,0.953241,bad
969,-2.05228,-1.30023,-1.01316,1.78799,-0.958963,0.724757,-1.61453,bad
208,0.944946,-3.32149,2.96792,0.0781987,-0.965457,2.64844,-0.502764,bad
617,-1.20633,-0.304428,-0.551758,2.07196,-0.966434,2.15196,-0.84637,bad
943,-1.01706,-2.32369,-0.68431,2.01183,-0.969649,1.86784,0.276865,bad
806,-0.859886,-1.24725,-0.765135,0.725938,-0.976185,0.278846,-1.98173,bad
27,1.99983,0.66999,-2.09962,2.64582,-0.989496,0.37333,-2.39769,bad
180,2.18124,-2.2809,0.471697,2.99273,-0.991189,2.61776,2.5608,bad
565,0.841701,-1.30233,-1.37583,1.81507,-0.992369,1.14752,-0.352363,bad
364,0.262498,-1.68571,0.338692,1.08143,-0.995296,-0.902955,3.72573,bad
592,3.20029,0.962163,-0.530071,0.74654,-1.00316,0.450423,2.57695,bad
234,-1.50484,-0.609848,-1.53515,1.82192,-1.00664,2.05272,0.530686,bad
653,-0.082138,-2.57718,4.35185,-0.769048,-1.00932,1.97049,-0.709215,bad
893,0.474938,-1.84377,-0.108723,3.66163,-1.01373,-2.14803,1.13395,bad
957,1.69587,-2.17052,-2.49074,1.00922,-1.02245,0.929089,-1.07215,bad
567,1.15267,-1.64721,1.0741,1.51836,-1.02361,1.72486,-1.39372,bad
631,0.21727,-0.696807,-2.27969,1.08409,-1.02621,1.976,0.0570942,bad
57,1.09849,-1.02037,1.21113,1.26018,-1.0299,2.62274,2.66255,bad
912,-0.376141,-2.25738,1.17281,0.572537,-1.03237,2.78639,-0.166934,bad
905,0.121915,-0.949051,-2.88391,2.79885,-1.04256,-0.530314,-0.0451839,bad
942,-1.2309,-0.601529,0.0531888,3.09088,-1.04922,-3.23957,-0.885986,bad
455,0.258368,-4.14235,3.57264,-0.748075,-1.05746,3.67209,1.1637,bad
620,-1.10107,-1.92839,2.48776,0.447988,-1.06912,-0.00783462,-0.651893,bad
994,1.43811,-1.18578,0.488322,1.49616,-1.07027,-1.11198,1.7127,bad
456,-0.141586,2.09174,-2.43137,1.49858,-1.07176,2.29082,1.12172,bad
681,-0.149389,0.461105,-0.235914,2.57143,-1.07751,-2.1237,1.07933,bad
196,-0.81584,-0.301607,-0.001498,-0.384304,-1.082,2.34449,-0.493979,bad
589,-1.94605,-1.24662,-0.710984,1.45669,-1.08228,0.423561,-1.67797,bad
937,-1.84851,-1.76264,-0.935232,0.303709,-1.0944,2.63334,-1.47487,bad
192,-1.71144,0.620784,-0.733591,-0.351416,-1.09521,1.75416,0.859773,bad
308,1.6358,-0.234381,-2.30423,1.6104,-1.09721,-0.193123,-0.172241,bad
973,-1.02157,-0.560142,-0.275186,2.98236,-1.09981,-2.23772,-1.12016,bad
636,-2.03283,-1.47117,0.28554,2.16989,-1.10425,0.643577,1.77574,bad
110,1.43891,-1.21906,-0.33751,-0.394803,-1.11712,3.08265,-1.74669,bad
745,-0.0300192,-0.564789,0.842206,-0.471203,-1.11836,1.54818,-2.8144,bad
800,0.599558,-2.15693,-0.504307,2.22854,-1.12255,-0.460467,-1.60476,bad
797,-1.97627,-1.69747,3.93876,-0.937527,-1.12278,-0.0437638,-0.812286,bad
909,-0.88261,-0.0641129,-0.55356,0.162856,-1.12323,1.87253,0.922071,bad
741,0.0773491,-0.171175,-1.3644,4.49152,-1.12782,-2.43864,0.00152144,bad
958,-3.28787,-1.7386,-1.41594,-0.190586,-1.1344,2.38989,-3.20116,bad
645,2.65428,-0.310499,0.841146,3.00829,-1.14537,-2.37013,1.87407,bad
977,0.874461,-0.178893,-2.0257,2.4559,-1.15745,0.545037,0.629141,bad
237,0.124122,-1.24831,-0.763912,1.88579,-1.16048,0.64547,-0.251871,bad
568,0.100838,-1.87618,-0.341839,1.70026,-1.1705,0.385228,-1.24722,bad
517,1.48912,-0.564749,-1.79528,1.46425,-1.17276,-0.362617,-0.623912,bad
666,0.207212,2.50049,-2.2757,1.71747,-1.17986,-1.02759,-0.587754,bad
754,2.14417,1.21987,-3.86248,1.98782,-1.18819,1.1022,2.39749,bad
358,-3.01339,-0.505787,-0.651962,-0.707823,-1.20465,4.02483,0.339436,bad
331,2.66454,0.504151,-1.31779,-2.81791,-1.20537,2.67473,3.09905,bad
604,0.0348182,-0.930392,-1.97199,1.3812,-1.2175,-0.276926,0.603642,bad
238,3.06249,-0.168911,-1.45813,3.22803,-1.22168,-1.76662,1.12321,bad
460,-0.447992,-0.159176,-0.397702,2.06856,-1.22416,-0.400728,0.495203,bad
530,1.84344,-1.80113,3.0937,0.869797,-1.24177,-1.45668,0.489432,bad
174,0.26823,-1.15715,2.57197,-0.329585,-1.24208,2.22625,3.04163,bad
655,-4.19036,-1.46415,1.99273,1.66922,-1.24247,0.280872,3.27097,bad
176,1.68388,-2.24219,2.24606,1.35622,-1.25223,-1.72052,-0.961004,bad
808,-0.501599,-1.55607,-1.49266,2.16967,-1.26013,-1.19973,-0.960917,bad
776,1.14745,1.96156,-1.58654,2.51121,-1.27465,-0.78479,1.33007,bad
843,-0.193807,1.27922,-0.580563,-0.00544953,-1.27617,-3.59202,2.39276,bad
876,-1.83615,1.63308,0.345968,-0.766601,-1.28365,1.06378,-0.615546,bad
255,1.21534,0.454075,-0.910715,2.83916,-1.28671,-1.30209,0.340238,bad
245,2.50937,-3.1136,-2.8,2.15258,-1.28959,1.09155,-1.02211,bad
792,-0.54761,-2.54794,-0.869052,0.459272,-1.29114,1.13886,-3.09906,bad
14,2.83958,-0.344798,-1.0198,0.894581,-1.30006,0.582379,1.70971,bad
275,2.68386,-4.70092,1.40042,1.34697,-1.30408,4.61142,0.692202,bad
242,-0.0264857,-0.799181,-3.372,3.22329,-1.31933,0.301003,-0.816365,bad
239,-0.903391,-0.0064813,-1.85798,1.90567,-1.32363,-0.237555,-0.635233,bad
621,-0.976026,-4.20124,-1.68063,1.54607,-1.33025,2.64354,-4.00759,bad
809,1.00467,0.0865624,-0.827722,-0.0126449,-1.3359,0.171168,1.18618,bad
371,-2.48517,-1.00928,-4.66095,0.478236,-1.34059,4.17045,-2.09036,bad
804,-0.276872,-1.28034,1.37773,-0.60773,-1.34968,2.68824,-0.0585997,bad
866,1.31366,-0.240539,-1.35345,0.851021,-1.34986,0.114799,-1.34161,bad
317,-4.24444,0.599377,4.46981,1.9208,-1.3508,-3.69063,4.28867,bad
729,0.167621,0.310687,-0.670361,1.97589,-1.35824,0.549872,-3.76907,bad
635,-1.6696,0.371046,2.11879,1.60282,-1.35888,0.272912,-1.57668,bad
990,0.292568,0.677487,-1.47344,2.47746,-1.3617,-0.128687,0.00423581,bad
860,2.46408,-1.67295,-0.270204,-0.0603121,-1.36711,4.4917,1.21029,bad
357,1.04192,1.36352,1.40243,2.64095,-1.37246,-2.62602,3.43973,bad
314,-2.10659,1.01784,2.23647,2.27223,-1.37383,-2.23172,1.31386,bad
384,-0.10486,-1.21942,-1.11741,2.73432,-1.37699,-1.91094,-2.29208,bad
892,-1.22636,-1.07761,0.726009,2.80551,-1.37952,0.0762578,-0.714199,bad
613,-0.588241,-1.96935,-1.86351,1.04315,-1.38618,0.759107,-3.07093,bad
961,0.433144,0.100089,-2.64677,3.00665,-1.38911,-1.81838,-1.15329,bad
578,1.1172,-0.346259,-1.00062,2.45184,-1.39548,-0.643644,1.81095,bad
501,-0.754743,0.302332,2.66039,-1.82605,-1.4047,1.39208,-2.04565,bad
518,0.347281,-1.2012,-3.08167,3.64169,-1.41125,-0.818516,-2.3945,bad
668,1.46581,-2.7752,0.992624,1.50192,-1.44047,3.63838,0.352909,bad
709,0.0287457,1.18699,0.666876,2.19325,-1.44055,-3.15557,2.40565,bad
274,2.48438,-1.38918,-1.43749,1.10087,-1.444,0.938353,1.49017,bad
467,-0.790199,-1.33601,1.68212,0.450123,-1.44559,1.60386,-1.38546,bad
270,0.410514,-1.07364,0.217295,1.09501,-1.44618,2.21687,0.727059,bad
481,2.04117,-0.711503,0.0773588,1.15698,-1.44773,3.03529,2.46629,bad
658,-0.0934454,0.312348,-1.68443,3.00003,-1.45092,-1.10954,0.592238,bad
524,-2.06724,-0.272901,-1.11094,0.949659,-1.47045,-0.317205,-1.64244,bad
335,1.41806,-0.15978,0.137655,0.626106,-1.48134,-1.94574,-0.689293,bad
205,0.0993224,-2.01829,-1.59264,2.01577,-1.48208,0.863353,-1.71094,bad
252,0.0967799,-0.61904,1.37266,-1.55175,-1.48809,1.91323,-2.73068,bad
140,1.09631,-2.51144,-3.21721,1.95691,-1.50235,2.89281,-0.946009,bad
321,-0.0715264,-0.298655,-2.20054,1.68379,-1.5061,0.15593,-0.779829,bad
117,-1.44749,-1.13698,-0.836801,1.93246,-1.5121,0.801874,2.6691,bad
607,-0.606923,1.22774,-0.182501,0.440501,-1.52756,-1.28516,1.43637,bad
757,-4.19692,-1.35434,0.969585,2.695,-1.53066,2.02307,2.17728,bad
520,3.00849,-1.37212,-1.65766,1.49054,-1.53455,1.01013,0.348479,bad
840,0.824894,-0.178435,-0.406084,-1.79413,-1.53709,3.64757,-2.31475,bad
391,-2.70854,-0.979013,-2.10623,1.46775,-1.54606,0.296081,-2.58956,bad
166,-0.915869,-2.11753,-0.722324,2.0385,-1.55071,2.45531,-2.05873,bad
109,1.646,-3.02752,0.250956,0.965901,-1.55391,2.08491,-0.474935,bad
247,-1.51344,5.149,-0.392047,3.67806,-1.5822,-3.87115,0.918079,bad
326,-1.39269,1.31907,0.623623,3.57094,-1.58946,0.202749,-0.491653,bad
789,-1.29909,-1.12519,-2.01825,0.112943,-1.59475,1.36034,-2.55601,bad
837,2.36273,-3.80577,2.03761,1.64096,-1.59926,-1.81642,-2.53832,bad
688,-2.35489,1.92884,-0.981873,0.43467,-1.59987,-1.91449,-0.571771,bad
246,0.550523,-0.255666,-0.569825,-0.502992,-1.60519,2.96392,0.128325,bad
286,-5.49985,-1.75076,-0.640523,0.407011,-1.60688,1.97473,-3.07734,bad
43,0.807854,0.752707,0.179226,1.45158,-1.61186,-2.77627,0.184906,bad
425,-0.709645,0.521759,0.647329,3.99807,-1.61197,0.827411,-0.181238,bad
886,2.3867,1.10856,-1.27784,4.88242,-1.61489,-1.47172,1.51151,bad
431,-1.02506,0.950649,0.47778,0.750321,-1.66755,-0.782701,-1.75028,bad
531,-1.36812,-0.163515,-2.74856,1.61212,-1.69797,2.54386,1.27432,bad
388,1.45595,-0.481696,-2.50231,2.68269,-1.73433,0.0792007,-0.838856,bad
708,-1.3946,2.18799,-0.547832,-1.05252,-1.73933,1.116,-2.92427,bad
970,-0.473517,-1.63435,-0.222256,0.870475,-1.758,0.638384,-1.31224,bad
449,2.24978,-2.90962,0.20516,2.60804,-1.76184,-1.56202,-1.96342,bad
888,-0.286679,-1.7263,-0.241288,2.68579,-1.76519,-0.159749,-0.49059,bad
545,-0.264936,-0.623333,-1.73123,1.36669,-1.78164,1.12386,-0.205166,bad
525,1.64133,0.0977591,1.39825,3.29869,-1.79193,-2.47875,2.81402,bad
715,1.11761,1.53675,-0.66911,-1.09328,-1.80512,0.778337,2.07302,bad
778,-1.17749,-1.13016,-0.464592,0.870984,-1.81133,0.661748,-1.13135,bad
814,0.854038,1.08069,-0.212661,2.65953,-1.82179,-1.96468,-1.26038,bad
414,0.305226,0.233073,-2.44272,1.55018,-1.83462,0.512185,0.386518,bad
616,1.70119,-0.242767,-1.6102,2.58795,-1.84315,-0.286345,1.40237,bad
877,0.103705,0.63917,-1.80079,3.31124,-1.85979,-1.90289,0.625448,bad
537,0.508402,-0.0799028,-4.49496,1.31793,-1.85994,3.18526,0.977639,bad
885,-0.198736,-2.0635,0.56359,1.2689,-1.86562,0.174,-1.02428,bad
485,0.0726058,-0.259472,-2.66592,0.102862,-1.87171,1.32761,-1.01021,bad
105,-0.426619,-1.43684,-0.660814,-0.560818,-1.87193,1.26926,-1.75134,bad
967,1.85334,1.14282,-0.656872,3.64315,-1.89717,-1.12815,-0.923307,bad
154,-1.68696,-2.20478,0.521075,0.700609,-1.9003,0.541469,-2.17968,bad
523,0.653795,-2.07236,-2.85127,2.27929,-1.90323,1.43253,-1.43225,bad
870,1.57808,0.334414,-0.101491,-0.522944,-1.92567,2.29939,-2.57278,bad
74,-2.15961,-1.29596,-1.73244,0.0807245,-1.95961,2.72304,-1.47788,bad
685,-1.16262,-0.301983,-0.447139,0.687268,-2.00735,0.786312,0.446789,bad
703,1.10675,0.367476,-0.525266,2.16808,-2.01927,0.0721097,2.86216,bad
647,0.141788,-0.438228,-1.27953,0.606389,-2.06444,3.11922,-0.842503,bad
418,0.0549528,-1.09645,0.731995,2.03083,-2.08112,0.374896,1.526,bad
941,-2.24457,-0.592443,-1.45841,0.61535,-2.08731,1.95134,-0.491174,bad
11,2.45096,-0.564177,-1.63504,0.9424,-2.08732,1.21432,1.29432,bad
502,-3.31716,0.105307,3.54214,2.55026,-2.11322,-3.58629,5.30522,bad
333,-1.90432,-1.99872,0.949571,1.57248,-2.15012,-0.628305,-1.78165,bad
728,-0.0258811,-2.79997,0.442402,2.76783,-2.15889,-1.15023,-2.23621,bad
657,-4.09617,-0.369184,2.20799,2.43239,-2.18396,1.15343,-0.282803,bad
157,-1.87573,-1.10457,0.106935,2.80836,-2.19868,1.81963,0.0998147,bad
141,-2.50461,-3.10825,-1.13862,1.00218,-2.20621,1.81162,-3.69278,bad
475,-0.703772,-4.6553,-0.29877,0.367105,-2.20814,2.34415,-4.23294,bad
318,-1.93824,-2.48836,-0.859811,0.812294,-2.25389,1.48043,-2.95755,bad
186,-1.6236,1.66715,-1.00461,-0.173799,-2.27691,0.914227,2.05664,bad
471,0.628772,-0.634391,-2.04615,1.2704,-2.29338,1.17918,0.405926,bad
351,3.79533,-5.1031,1.5024,1.32788,-2.31115,5.55326,2.73399,bad
69,-0.399609,-3.19817,-1.25064,2.90928,-2.31404,-0.231112,-3.02939,bad
410,-0.408477,-1.15019,-3.03113,0.843985,-2.31813,2.47741,-1.10145,bad
588,-2.07614,-0.275632,-1.06686,3.07985,-2.31886,-1.94652,-1.11516,bad
287,-4.2521,-1.35236,1.09213,1.57133,-2.32276,2.43355,-0.046495,bad
773,-2.09851,-0.194448,-0.637154,2.85971,-2.32722,2.26264,-1.33783,bad
638,-0.26153,-1.01674,0.648951,0.905916,-2.33112,0.427891,0.56897,bad
805,0.374536,-0.171209,-0.773125,1.45638,-2.34521,-0.586197,0.120913,bad
812,1.86792,-1.52549,-1.73302,1.1365,-2.35774,0.323036,-0.912396,bad
680,2.02204,-0.208609,0.211278,0.889639,-2.38033,0.392699,2.56532,bad
131,1.74387,1.63273,-1.2793,2.7588,-2.42021,-0.214932,2.06412,bad
895,-1.34718,3.82109,-1.56333,3.64897,-2.42528,-2.48291,-0.15336,bad
490,-1.74198,-1.20088,-2.20869,-0.198476,-2.45257,2.15996,-2.08191,bad
718,0.395928,-3.89956,1.42057,0.871466,-2.4536,0.965292,-2.15256,bad
857,2.15047,-0.900114,-3.75166,0.599125,-2.46479,2.76408,0.638395,bad
782,-2.26859,-1.7898,1.44557,1.0566,-2.46536,0.691889,-0.382318,bad
652,-0.147776,-1.99932,-0.288351,1.6806,-2.51344,-1.19533,-2.45076,bad
119,-0.591987,-2.61865,-1.07348,1.11468,-2.53637,1.75476,-1.66064,bad
359,-2.25241,-2.92377,-0.622918,0.191839,-2.61501,1.27431,-3.97648,bad
672,1.38128,4.36307,-2.56995,2.13903,-2.64024,-0.0343404,0.242879,bad
407,0.805329,-0.377444,-0.302493,1.71836,-2.68561,-2.04709,-0.250708,bad
856,-3.27434,0.212384,-4.08966,0.527186,-2.71678,0.826577,-2.92445,bad
879,1.36595,-1.86593,-2.61516,0.704463,-2.72711,0.283812,-2.84061,bad
552,0.238681,-2.55011,-1.85302,1.52691,-2.73369,0.316586,-3.0221,bad
30,0.410492,-2.26029,-3.33595,-0.285205,-2.73384,2.58599,-3.03692,bad
468,-0.0612623,0.406683,1.5199,1.53452,-2.75464,-1.24321,2.57328,bad
123,0.695632,-1.66906,-1.44213,2.18904,-2.76706,0.76405,-0.12164,bad
25,-1.29947,-3.50479,-1.1294,0.555905,-2.80755,1.71463,-3.84664,bad
229,-1.2443,0.24802,-0.230558,1.66768,-2.81832,-1.96534,-0.245247,bad
510,0.213741,-1.58316,-1.26895,2.70798,-2.81872,-0.384328,-0.486725,bad
254,-0.845554,1.63692,-1.39746,0.207483,-2.82607,-0.210229,0.196019,bad
137,0.263844,-2.89627,-0.157614,-0.184619,-2.8489,0.40466,-3.04217,bad
587,-2.73035,-1.33908,-0.281203,2.77006,-2.88986,1.77505,2.72433,bad
338,-0.872592,-2.75429,0.683718,2.65037,-2.91675,-1.2749,-2.14424,bad
435,0.0712007,-3.02176,-2.43242,2.6495,-2.98799,-0.543399,-3.93373,bad
642,-0.151142,0.150735,-0.476624,4.32644,-3.06563,0.528822,-2.13046,bad
822,0.801531,-3.95903,2.66127,1.42587,-3.06599,-0.0675186,-1.35372,bad
906,1.1573,-1.6673,-3.93396,4.06107,-3.06617,-0.020477,-1.10176,bad
12,-0.170812,-1.86727,-1.77184,2.41316,-3.09455,-0.624884,-2.07611,bad
964,-2.00112,1.60274,-3.2448,0.584508,-3.10152,0.967394,0.602466,bad
916,0.964353,-1.02663,-0.410943,2.57759,-3.12907,-1.37408,0.2918,bad
541,-2.13094,-2.08591,0.290192,-0.017448,-3.13122,0.0977768,-2.948,bad
913,-1.42347,-0.205004,-0.0234274,1.21801,-3.13346,0.6313,1.36706,bad
269,0.470464,0.28685,1.31703,4.68073,-3.13704,-4.61962,2.19315,bad
817,0.469296,0.645451,0.767766,3.4538,-3.15856,-2.25301,1.01045,bad
439,-1.35342,0.095967,-2.3298,2.51916,-3.17225,-0.438286,-0.00915303,bad
66,-2.18893,2.13175,0.260841,3.88605,-3.19626,-3.56059,0.0895129,bad
472,0.43642,1.60437,-1.55615,1.32544,-3.2449,-0.333431,-1.79165,bad
73,0.0394137,-1.13743,0.477732,1.65648,-3.25623,-0.503584,0.528699,bad
720,-2.82871,0.864626,-3.14964,0.00537628,-3.26103,4.17144,2.10206,bad
394,-2.25804,-1.91748,1.80433,0.0528673,-3.26809,-0.7809,-2.39538,bad
512,3.4948,-2.64374,0.41928,3.64572,-3.28532,-2.29729,-0.264526,bad
890,1.18332,-0.344738,-1.79992,0.631672,-3.32481,0.120624,-0.0374232,bad
160,-3.02382,-0.847655,-3.92648,0.630642,-3.39271,4.04227,-0.760862,bad
264,0.177787,-1.12986,-0.274235,3.29136,-3.4036,-1.13617,0.69982,bad
614,-0.605395,0.520954,-0.861903,-0.715699,-3.4624,0.444729,0.520981,bad
397,0.481356,-0.140111,-2.94069,3.60366,-3.46586,2.21577,-0.856561,bad
732,2.18579,0.728142,-3.22653,3.84457,-3.48978,0.561875,-1.50633,bad
795,0.638544,-3.09435,-1.50343,2.22671,-3.53245,0.565243,-2.05369,bad
430,0.159317,0.415764,-5.07089,2.74477,-3.59472,2.33518,1.97632,bad
227,-1.05288,-3.29099,-4.0563,-0.709076,-3.59839,2.09593,-6.46099,bad
260,1.86451,0.565855,-1.23982,-0.460607,-3.68407,3.53143,-0.0797617,bad
438,0.71795,-2.8542,0.131557,0.982122,-3.70355,-1.01805,-2.92019,bad
750,2.28939,-1.70881,-0.828781,3.01567,-3.71884,-1.36674,0.254019,bad
108,0.137098,-3.03508,-0.440601,1.44498,-3.8242,0.850114,-1.61157,bad
5,-3.4254,-1.40908,-1.91351,-0.555775,-3.85307,1.91462,-2.98152,bad
341,2.86433,0.662645,-4.80456,2.48318,-3.9393,2.4926,-2.70141,bad
802,-1.93945,-0.364142,-3.36511,2.89854,-3.94764,-0.222995,-1.49864,bad
151,-2.4629,-0.56298,-2.12861,2.1051,-3.9701,0.64283,-0.268954,bad
855,-0.329142,-2.61714,-1.8089,2.47115,-4.03612,0.0255307,-1.63327,bad
936,2.26561,-1.82275,-2.67785,2.38582,-4.08621,-0.528244,-1.13525,bad
24,0.522961,-1.42809,-0.743519,1.78672,-4.20754,-1.82523,-1.43043,bad
473,0.448986,-1.87804,-0.506965,1.52023,-4.22896,-0.369207,-0.801235,bad
161,3.25691,0.976144,-0.403344,6.29787,-4.28328,-5.8646,3.49926,bad
98,-0.201343,0.579132,-2.12604,3.12928,-4.40185,-0.552628,-2.24997,bad
253,-3.13692,0.203914,2.31298,4.40078,-4.78638,1.18121,-1.44519,bad
441,-0.874153,-2.63501,-0.840066,2.75422,-4.90107,-0.155717,-1.29056,bad
457,-1.21,-2.27045,-0.879412,1.40911,-4.92498,1.13131,-0.837066,bad
676,0.498815,-2.07487,1.06206,1.53028,-5.71343,-2.62993,-1.4515,bad
663,-0.430076,1.20267,-1.61531,2.31818,-5.80177,-1.33032,2.57308,bad
